2024-10-16 21:00:00,397 - ERROR - Exception : [WinError 10054] Varolan bir baðlantý uzaktaki bir ana bilgisayar tarafýndan zorla kapatýldý
2024-10-16 21:00:00,552 - ERROR - Exception : [WinError 10054] Varolan bir baðlantý uzaktaki bir ana bilgisayar tarafýndan zorla kapatýldý
2024-10-16 21:00:00,891 - ERROR - Exception : [WinError 10054] Varolan bir baðlantý uzaktaki bir ana bilgisayar tarafýndan zorla kapatýldý
2024-10-16 21:00:01,110 - ERROR - Exception : [WinError 10054] Varolan bir baðlantý uzaktaki bir ana bilgisayar tarafýndan zorla kapatýldý
2024-10-16 21:00:02,102 - ERROR - Exception : [WinError 10054] Varolan bir baðlantý uzaktaki bir ana bilgisayar tarafýndan zorla kapatýldý
2024-10-16 21:00:03,067 - ERROR - Exception : [WinError 10054] Varolan bir baðlantý uzaktaki bir ana bilgisayar tarafýndan zorla kapatýldý
2024-10-16 21:00:03,883 - ERROR - Exception : No entries found for the selected source(s).

>>> Last update of WHOIS database: 2024.10.16T23:59:55Z <<<

2024-10-16 21:00:04,008 - ERROR - Exception : [WinError 10054] Varolan bir baðlantý uzaktaki bir ana bilgisayar tarafýndan zorla kapatýldý
2024-10-16 21:00:04,255 - ERROR - Exception : [WinError 10054] Varolan bir baðlantý uzaktaki bir ana bilgisayar tarafýndan zorla kapatýldý
2024-10-16 21:00:04,517 - ERROR - Exception : [WinError 10054] Varolan bir baðlantý uzaktaki bir ana bilgisayar tarafýndan zorla kapatýldý
2024-10-16 21:00:04,667 - ERROR - Exception : [WinError 10054] Varolan bir baðlantý uzaktaki bir ana bilgisayar tarafýndan zorla kapatýldý
2024-10-16 21:00:04,852 - ERROR - Exception : [WinError 10054] Varolan bir baðlantý uzaktaki bir ana bilgisayar tarafýndan zorla kapatýldý
2024-10-16 21:00:04,872 - ERROR - Exception : [WinError 10054] Varolan bir baðlantý uzaktaki bir ana bilgisayar tarafýndan zorla kapatýldý
2024-10-16 21:00:05,191 - ERROR - Exception : [WinError 10054] Varolan bir baðlantý uzaktaki bir ana bilgisayar tarafýndan zorla kapatýldý
2024-10-16 21:00:05,466 - ERROR - Exception : [WinError 10054] Varolan bir baðlantý uzaktaki bir ana bilgisayar tarafýndan zorla kapatýldý
2024-10-16 21:00:05,549 - ERROR - Exception : [WinError 10054] Varolan bir baðlantý uzaktaki bir ana bilgisayar tarafýndan zorla kapatýldý
2024-10-16 21:00:05,704 - ERROR - Exception : [WinError 10054] Varolan bir baðlantý uzaktaki bir ana bilgisayar tarafýndan zorla kapatýldý
2024-10-16 21:00:05,868 - ERROR - Exception : [WinError 10054] Varolan bir baðlantý uzaktaki bir ana bilgisayar tarafýndan zorla kapatýldý
2024-10-16 21:00:06,083 - ERROR - Exception : [WinError 10054] Varolan bir baðlantý uzaktaki bir ana bilgisayar tarafýndan zorla kapatýldý
2024-10-16 21:00:06,100 - ERROR - Exception : [WinError 10054] Varolan bir baðlantý uzaktaki bir ana bilgisayar tarafýndan zorla kapatýldý
2024-10-16 21:00:06,192 - ERROR - Exception : [WinError 10054] Varolan bir baðlantý uzaktaki bir ana bilgisayar tarafýndan zorla kapatýldý
2024-10-16 21:00:06,536 - ERROR - Exception : [WinError 10054] Varolan bir baðlantý uzaktaki bir ana bilgisayar tarafýndan zorla kapatýldý
2024-10-16 21:00:06,623 - ERROR - Exception : [WinError 10054] Varolan bir baðlantý uzaktaki bir ana bilgisayar tarafýndan zorla kapatýldý
2024-10-16 21:00:06,686 - ERROR - Exception : [WinError 10054] Varolan bir baðlantý uzaktaki bir ana bilgisayar tarafýndan zorla kapatýldý
2024-10-16 21:00:06,825 - ERROR - Exception : [WinError 10054] Varolan bir baðlantý uzaktaki bir ana bilgisayar tarafýndan zorla kapatýldý
2024-10-16 21:00:06,911 - ERROR - Exception : [WinError 10054] Varolan bir baðlantý uzaktaki bir ana bilgisayar tarafýndan zorla kapatýldý
2024-10-16 21:00:06,933 - ERROR - Exception : [WinError 10054] Varolan bir baðlantý uzaktaki bir ana bilgisayar tarafýndan zorla kapatýldý
2024-10-16 21:00:07,131 - ERROR - Exception : [WinError 10054] Varolan bir baðlantý uzaktaki bir ana bilgisayar tarafýndan zorla kapatýldý
2024-10-16 21:00:07,131 - ERROR - Exception : [WinError 10054] Varolan bir baðlantý uzaktaki bir ana bilgisayar tarafýndan zorla kapatýldý
2024-10-16 21:00:07,896 - ERROR - Exception : [WinError 10054] Varolan bir baðlantý uzaktaki bir ana bilgisayar tarafýndan zorla kapatýldý
2024-10-16 21:00:08,139 - ERROR - Exception : [WinError 10054] Varolan bir baðlantý uzaktaki bir ana bilgisayar tarafýndan zorla kapatýldý
2024-10-16 21:00:08,392 - ERROR - Exception : [WinError 10054] Varolan bir baðlantý uzaktaki bir ana bilgisayar tarafýndan zorla kapatýldý
2024-10-16 21:00:08,432 - ERROR - Exception : [WinError 10054] Varolan bir baðlantý uzaktaki bir ana bilgisayar tarafýndan zorla kapatýldý
2024-10-16 21:00:08,433 - ERROR - Exception : [WinError 10054] Varolan bir baðlantý uzaktaki bir ana bilgisayar tarafýndan zorla kapatýldý
2024-10-16 21:00:08,446 - ERROR - Exception : [WinError 10054] Varolan bir baðlantý uzaktaki bir ana bilgisayar tarafýndan zorla kapatýldý
2024-10-16 21:00:09,093 - ERROR - Exception : [WinError 10054] Varolan bir baðlantý uzaktaki bir ana bilgisayar tarafýndan zorla kapatýldý
2024-10-16 21:00:09,276 - ERROR - Exception : [WinError 10054] Varolan bir baðlantý uzaktaki bir ana bilgisayar tarafýndan zorla kapatýldý
2024-10-16 21:00:11,131 - ERROR - Exception : [WinError 10054] Varolan bir baðlantý uzaktaki bir ana bilgisayar tarafýndan zorla kapatýldý
2024-10-16 21:00:11,314 - ERROR - Exception : [WinError 10054] Varolan bir baðlantý uzaktaki bir ana bilgisayar tarafýndan zorla kapatýldý
2024-10-16 21:00:11,315 - ERROR - Exception : [WinError 10054] Varolan bir baðlantý uzaktaki bir ana bilgisayar tarafýndan zorla kapatýldý
2024-10-16 21:00:11,318 - ERROR - Exception : [WinError 10054] Varolan bir baðlantý uzaktaki bir ana bilgisayar tarafýndan zorla kapatýldý
2024-10-16 21:00:11,860 - ERROR - Exception : [WinError 10054] Varolan bir baðlantý uzaktaki bir ana bilgisayar tarafýndan zorla kapatýldý
2024-10-16 21:00:11,863 - ERROR - Exception : [WinError 10054] Varolan bir baðlantý uzaktaki bir ana bilgisayar tarafýndan zorla kapatýldý
2024-10-16 21:00:11,864 - ERROR - Exception : [WinError 10054] Varolan bir baðlantý uzaktaki bir ana bilgisayar tarafýndan zorla kapatýldý
2024-10-16 21:00:12,001 - ERROR - Exception : [WinError 10054] Varolan bir baðlantý uzaktaki bir ana bilgisayar tarafýndan zorla kapatýldý
2024-10-16 21:00:12,206 - ERROR - Exception : [WinError 10054] Varolan bir baðlantý uzaktaki bir ana bilgisayar tarafýndan zorla kapatýldý
2024-10-16 21:00:12,459 - ERROR - Exception : [WinError 10054] Varolan bir baðlantý uzaktaki bir ana bilgisayar tarafýndan zorla kapatýldý
2024-10-16 21:00:12,477 - ERROR - Exception : [WinError 10054] Varolan bir baðlantý uzaktaki bir ana bilgisayar tarafýndan zorla kapatýldý
2024-10-16 21:00:12,509 - ERROR - Exception : [WinError 10054] Varolan bir baðlantý uzaktaki bir ana bilgisayar tarafýndan zorla kapatýldý
2024-10-16 21:00:12,847 - ERROR - Exception : [WinError 10054] Varolan bir baðlantý uzaktaki bir ana bilgisayar tarafýndan zorla kapatýldý
2024-10-16 21:00:13,152 - ERROR - Exception : [WinError 10054] Varolan bir baðlantý uzaktaki bir ana bilgisayar tarafýndan zorla kapatýldý
2024-10-16 21:00:13,262 - ERROR - Exception : [WinError 10054] Varolan bir baðlantý uzaktaki bir ana bilgisayar tarafýndan zorla kapatýldý
2024-10-16 21:00:13,279 - ERROR - Exception : unsupported operand type(s) for -: 'datetime.datetime' and 'str'
2024-10-16 21:00:13,633 - ERROR - Exception : [WinError 10054] Varolan bir baðlantý uzaktaki bir ana bilgisayar tarafýndan zorla kapatýldý
2024-10-16 21:00:13,835 - ERROR - Exception : [WinError 10054] Varolan bir baðlantý uzaktaki bir ana bilgisayar tarafýndan zorla kapatýldý
2024-10-16 21:00:14,301 - ERROR - Exception : [WinError 10054] Varolan bir baðlantý uzaktaki bir ana bilgisayar tarafýndan zorla kapatýldý
2024-10-16 21:00:14,317 - ERROR - Exception : [WinError 10054] Varolan bir baðlantý uzaktaki bir ana bilgisayar tarafýndan zorla kapatýldý
2024-10-16 21:00:14,393 - ERROR - Exception : [WinError 10054] Varolan bir baðlantý uzaktaki bir ana bilgisayar tarafýndan zorla kapatýldý
2024-10-16 21:00:14,394 - ERROR - Exception : [WinError 10054] Varolan bir baðlantý uzaktaki bir ana bilgisayar tarafýndan zorla kapatýldý
2024-10-16 21:00:14,406 - ERROR - Exception : [WinError 10054] Varolan bir baðlantý uzaktaki bir ana bilgisayar tarafýndan zorla kapatýldý
2024-10-16 21:00:14,533 - ERROR - Exception : [WinError 10054] Varolan bir baðlantý uzaktaki bir ana bilgisayar tarafýndan zorla kapatýldý
2024-10-16 21:00:14,730 - ERROR - Exception : No entries found for the selected source(s).

>>> Last update of WHOIS database: 2024.10.17T00:00:05Z <<<

2024-10-16 21:00:15,331 - ERROR - Exception : [WinError 10054] Varolan bir baðlantý uzaktaki bir ana bilgisayar tarafýndan zorla kapatýldý
2024-10-16 21:00:15,340 - ERROR - Exception : [WinError 10054] Varolan bir baðlantý uzaktaki bir ana bilgisayar tarafýndan zorla kapatýldý
2024-10-16 21:00:15,775 - ERROR - Exception : [WinError 10054] Varolan bir baðlantý uzaktaki bir ana bilgisayar tarafýndan zorla kapatýldý
2024-10-16 21:00:15,804 - ERROR - Exception : [WinError 10054] Varolan bir baðlantý uzaktaki bir ana bilgisayar tarafýndan zorla kapatýldý
2024-10-16 21:00:16,057 - ERROR - Exception : [WinError 10054] Varolan bir baðlantý uzaktaki bir ana bilgisayar tarafýndan zorla kapatýldý
2024-10-16 21:00:16,057 - ERROR - Exception : [WinError 10054] Varolan bir baðlantý uzaktaki bir ana bilgisayar tarafýndan zorla kapatýldý
2024-10-16 21:00:16,057 - ERROR - Exception : [WinError 10054] Varolan bir baðlantý uzaktaki bir ana bilgisayar tarafýndan zorla kapatýldý
2024-10-16 21:00:16,066 - ERROR - Exception : [WinError 10054] Varolan bir baðlantý uzaktaki bir ana bilgisayar tarafýndan zorla kapatýldý
2024-10-16 21:00:16,525 - ERROR - Exception : HTTPSConnectionPool(host='www.gamestop.com', port=443): Read timed out. (read timeout=12)
2024-10-16 21:00:16,907 - ERROR - Exception : [WinError 10054] Varolan bir baðlantý uzaktaki bir ana bilgisayar tarafýndan zorla kapatýldý
2024-10-16 21:00:16,970 - ERROR - Exception : [WinError 10054] Varolan bir baðlantý uzaktaki bir ana bilgisayar tarafýndan zorla kapatýldý
2024-10-16 21:00:17,230 - ERROR - Exception : [WinError 10054] Varolan bir baðlantý uzaktaki bir ana bilgisayar tarafýndan zorla kapatýldý
2024-10-16 21:00:17,257 - ERROR - Exception : [WinError 10054] Varolan bir baðlantý uzaktaki bir ana bilgisayar tarafýndan zorla kapatýldý
2024-10-16 21:00:17,400 - ERROR - Exception : No entries found for the selected source(s).

>>> Last update of WHOIS database: 2024.10.17T00:00:08Z <<<

2024-10-16 21:00:17,526 - ERROR - Exception : [WinError 10054] Varolan bir baðlantý uzaktaki bir ana bilgisayar tarafýndan zorla kapatýldý
2024-10-16 21:00:17,734 - ERROR - Exception : [WinError 10054] Varolan bir baðlantý uzaktaki bir ana bilgisayar tarafýndan zorla kapatýldý
2024-10-16 21:00:17,938 - ERROR - Exception : [WinError 10054] Varolan bir baðlantý uzaktaki bir ana bilgisayar tarafýndan zorla kapatýldý
2024-10-16 21:00:18,136 - ERROR - Exception : [WinError 10054] Varolan bir baðlantý uzaktaki bir ana bilgisayar tarafýndan zorla kapatýldý
2024-10-16 21:00:18,706 - ERROR - Exception : [WinError 10054] Varolan bir baðlantý uzaktaki bir ana bilgisayar tarafýndan zorla kapatýldý
2024-10-16 21:00:19,049 - ERROR - Exception : [WinError 10054] Varolan bir baðlantý uzaktaki bir ana bilgisayar tarafýndan zorla kapatýldý
2024-10-16 21:00:19,203 - ERROR - Exception : [WinError 10054] Varolan bir baðlantý uzaktaki bir ana bilgisayar tarafýndan zorla kapatýldý
2024-10-16 21:00:19,357 - ERROR - Exception : [WinError 10054] Varolan bir baðlantý uzaktaki bir ana bilgisayar tarafýndan zorla kapatýldý
2024-10-16 21:00:19,358 - ERROR - Exception : [WinError 10054] Varolan bir baðlantý uzaktaki bir ana bilgisayar tarafýndan zorla kapatýldý
2024-10-16 21:00:19,539 - ERROR - Exception : [WinError 10054] Varolan bir baðlantý uzaktaki bir ana bilgisayar tarafýndan zorla kapatýldý
2024-10-16 21:00:19,611 - ERROR - Exception : [WinError 10054] Varolan bir baðlantý uzaktaki bir ana bilgisayar tarafýndan zorla kapatýldý
2024-10-16 21:00:19,612 - ERROR - Exception : [WinError 10054] Varolan bir baðlantý uzaktaki bir ana bilgisayar tarafýndan zorla kapatýldý
2024-10-16 21:00:19,614 - ERROR - Exception : [WinError 10054] Varolan bir baðlantý uzaktaki bir ana bilgisayar tarafýndan zorla kapatýldý
2024-10-16 21:00:20,143 - ERROR - Exception : [WinError 10054] Varolan bir baðlantý uzaktaki bir ana bilgisayar tarafýndan zorla kapatýldý
2024-10-16 21:00:20,144 - ERROR - Exception : [WinError 10054] Varolan bir baðlantý uzaktaki bir ana bilgisayar tarafýndan zorla kapatýldý
2024-10-16 21:00:20,187 - ERROR - Exception : [WinError 10054] Varolan bir baðlantý uzaktaki bir ana bilgisayar tarafýndan zorla kapatýldý
2024-10-16 21:00:21,747 - ERROR - Exception : [WinError 10054] Varolan bir baðlantý uzaktaki bir ana bilgisayar tarafýndan zorla kapatýldý
2024-10-16 21:00:21,919 - ERROR - Exception : [WinError 10054] Varolan bir baðlantý uzaktaki bir ana bilgisayar tarafýndan zorla kapatýldý
2024-10-16 21:00:21,920 - ERROR - Exception : HTTPConnectionPool(host='gamevn.com', port=80): Read timed out. (read timeout=12)
2024-10-16 21:00:22,055 - INFO - Skipping https://gamevn.com due to being N/A for some features.
2024-10-16 21:00:22,087 - ERROR - Exception : [WinError 10054] Varolan bir baðlantý uzaktaki bir ana bilgisayar tarafýndan zorla kapatýldý
2024-10-16 21:00:22,378 - ERROR - Exception : [WinError 10054] Varolan bir baðlantý uzaktaki bir ana bilgisayar tarafýndan zorla kapatýldý
2024-10-16 21:00:22,760 - ERROR - Exception : [WinError 10054] Varolan bir baðlantý uzaktaki bir ana bilgisayar tarafýndan zorla kapatýldý
2024-10-16 21:00:22,789 - ERROR - Exception : [WinError 10054] Varolan bir baðlantý uzaktaki bir ana bilgisayar tarafýndan zorla kapatýldý
2024-10-16 21:00:23,067 - ERROR - Exception : [WinError 10054] Varolan bir baðlantý uzaktaki bir ana bilgisayar tarafýndan zorla kapatýldý
2024-10-16 21:00:23,067 - ERROR - Exception : [WinError 10054] Varolan bir baðlantý uzaktaki bir ana bilgisayar tarafýndan zorla kapatýldý
2024-10-16 21:00:23,129 - ERROR - Exception : [WinError 10054] Varolan bir baðlantý uzaktaki bir ana bilgisayar tarafýndan zorla kapatýldý
2024-10-16 21:00:23,282 - ERROR - Exception : [WinError 10054] Varolan bir baðlantý uzaktaki bir ana bilgisayar tarafýndan zorla kapatýldý
2024-10-16 21:00:23,326 - ERROR - Exception : [WinError 10054] Varolan bir baðlantý uzaktaki bir ana bilgisayar tarafýndan zorla kapatýldý
2024-10-16 21:00:23,641 - ERROR - Exception : [WinError 10054] Varolan bir baðlantý uzaktaki bir ana bilgisayar tarafýndan zorla kapatýldý
2024-10-16 21:00:23,972 - ERROR - Exception : [WinError 10054] Varolan bir baðlantý uzaktaki bir ana bilgisayar tarafýndan zorla kapatýldý
2024-10-16 21:00:24,143 - ERROR - Exception : [WinError 10054] Varolan bir baðlantý uzaktaki bir ana bilgisayar tarafýndan zorla kapatýldý
2024-10-16 21:00:24,155 - ERROR - Exception : [WinError 10054] Varolan bir baðlantý uzaktaki bir ana bilgisayar tarafýndan zorla kapatýldý
2024-10-16 21:00:24,218 - ERROR - Exception : [WinError 10054] Varolan bir baðlantý uzaktaki bir ana bilgisayar tarafýndan zorla kapatýldý
2024-10-16 21:00:24,327 - ERROR - Exception : [WinError 10054] Varolan bir baðlantý uzaktaki bir ana bilgisayar tarafýndan zorla kapatýldý
2024-10-16 21:00:24,348 - ERROR - Exception : [WinError 10054] Varolan bir baðlantý uzaktaki bir ana bilgisayar tarafýndan zorla kapatýldý
2024-10-16 21:00:26,011 - ERROR - Exception : [WinError 10054] Varolan bir baðlantý uzaktaki bir ana bilgisayar tarafýndan zorla kapatýldý
2024-10-16 21:00:26,151 - ERROR - Exception : [WinError 10054] Varolan bir baðlantý uzaktaki bir ana bilgisayar tarafýndan zorla kapatýldý
2024-10-16 21:00:26,849 - ERROR - Exception : [WinError 10054] Varolan bir baðlantý uzaktaki bir ana bilgisayar tarafýndan zorla kapatýldý
2024-10-16 21:00:26,866 - ERROR - Exception : [WinError 10054] Varolan bir baðlantý uzaktaki bir ana bilgisayar tarafýndan zorla kapatýldý
2024-10-16 21:00:26,940 - ERROR - Exception : [WinError 10054] Varolan bir baðlantý uzaktaki bir ana bilgisayar tarafýndan zorla kapatýldý
2024-10-16 21:00:28,484 - ERROR - Exception : [WinError 10054] Varolan bir baðlantý uzaktaki bir ana bilgisayar tarafýndan zorla kapatýldý
2024-10-16 21:00:29,051 - ERROR - Exception : [WinError 10054] Varolan bir baðlantý uzaktaki bir ana bilgisayar tarafýndan zorla kapatýldý
2024-10-16 21:00:29,609 - ERROR - Exception : [WinError 10054] Varolan bir baðlantý uzaktaki bir ana bilgisayar tarafýndan zorla kapatýldý
2024-10-16 21:00:30,404 - ERROR - Exception : [WinError 10054] Varolan bir baðlantý uzaktaki bir ana bilgisayar tarafýndan zorla kapatýldý
2024-10-16 21:00:31,102 - ERROR - Exception : [WinError 10054] Varolan bir baðlantý uzaktaki bir ana bilgisayar tarafýndan zorla kapatýldý
2024-10-16 21:00:31,239 - ERROR - Exception : [WinError 10054] Varolan bir baðlantý uzaktaki bir ana bilgisayar tarafýndan zorla kapatýldý
2024-10-16 21:00:31,382 - ERROR - Exception : [WinError 10054] Varolan bir baðlantý uzaktaki bir ana bilgisayar tarafýndan zorla kapatýldý
2024-10-16 21:00:32,121 - ERROR - Exception : [WinError 10054] Varolan bir baðlantý uzaktaki bir ana bilgisayar tarafýndan zorla kapatýldý
2024-10-16 21:00:32,622 - ERROR - Exception : [WinError 10054] Varolan bir baðlantý uzaktaki bir ana bilgisayar tarafýndan zorla kapatýldý
2024-10-16 21:00:32,925 - ERROR - Exception : [WinError 10054] Varolan bir baðlantý uzaktaki bir ana bilgisayar tarafýndan zorla kapatýldý
2024-10-16 21:00:33,173 - ERROR - Exception : [WinError 10054] Varolan bir baðlantý uzaktaki bir ana bilgisayar tarafýndan zorla kapatýldý
2024-10-16 21:00:33,318 - ERROR - Exception : [WinError 10054] Varolan bir baðlantý uzaktaki bir ana bilgisayar tarafýndan zorla kapatýldý
2024-10-16 21:00:33,464 - ERROR - Exception : [WinError 10054] Varolan bir baðlantý uzaktaki bir ana bilgisayar tarafýndan zorla kapatýldý
2024-10-16 21:00:33,540 - ERROR - Exception : [WinError 10054] Varolan bir baðlantý uzaktaki bir ana bilgisayar tarafýndan zorla kapatýldý
2024-10-16 21:00:33,849 - ERROR - Exception : [WinError 10054] Varolan bir baðlantý uzaktaki bir ana bilgisayar tarafýndan zorla kapatýldý
2024-10-16 21:00:33,889 - ERROR - Exception : [WinError 10054] Varolan bir baðlantý uzaktaki bir ana bilgisayar tarafýndan zorla kapatýldý
2024-10-16 21:00:34,229 - ERROR - Exception : [WinError 10054] Varolan bir baðlantý uzaktaki bir ana bilgisayar tarafýndan zorla kapatýldý
2024-10-16 21:00:34,232 - ERROR - Exception : [WinError 10054] Varolan bir baðlantý uzaktaki bir ana bilgisayar tarafýndan zorla kapatýldý
2024-10-16 21:00:34,265 - ERROR - Exception : [WinError 10054] Varolan bir baðlantý uzaktaki bir ana bilgisayar tarafýndan zorla kapatýldý
2024-10-16 21:00:34,272 - ERROR - Exception : [WinError 10054] Varolan bir baðlantý uzaktaki bir ana bilgisayar tarafýndan zorla kapatýldý
2024-10-16 21:00:34,322 - ERROR - Exception : unsupported operand type(s) for -: 'datetime.datetime' and 'str'
2024-10-16 21:00:34,332 - ERROR - Exception : [WinError 10054] Varolan bir baðlantý uzaktaki bir ana bilgisayar tarafýndan zorla kapatýldý
2024-10-16 21:00:34,797 - ERROR - Exception : [WinError 10054] Varolan bir baðlantý uzaktaki bir ana bilgisayar tarafýndan zorla kapatýldý
2024-10-16 21:00:35,202 - ERROR - Exception : [WinError 10054] Varolan bir baðlantý uzaktaki bir ana bilgisayar tarafýndan zorla kapatýldý
2024-10-16 21:00:35,216 - ERROR - Exception : [WinError 10054] Varolan bir baðlantý uzaktaki bir ana bilgisayar tarafýndan zorla kapatýldý
2024-10-16 21:00:35,476 - ERROR - Exception : [WinError 10054] Varolan bir baðlantý uzaktaki bir ana bilgisayar tarafýndan zorla kapatýldý
2024-10-16 21:00:35,584 - ERROR - Exception : [WinError 10054] Varolan bir baðlantý uzaktaki bir ana bilgisayar tarafýndan zorla kapatýldý
2024-10-16 21:00:35,732 - ERROR - Exception : [WinError 10054] Varolan bir baðlantý uzaktaki bir ana bilgisayar tarafýndan zorla kapatýldý
2024-10-16 21:00:36,124 - ERROR - Exception : [WinError 10054] Varolan bir baðlantý uzaktaki bir ana bilgisayar tarafýndan zorla kapatýldý
2024-10-16 21:00:36,393 - ERROR - Exception : [WinError 10054] Varolan bir baðlantý uzaktaki bir ana bilgisayar tarafýndan zorla kapatýldý
2024-10-16 21:00:36,855 - ERROR - Exception : [WinError 10054] Varolan bir baðlantý uzaktaki bir ana bilgisayar tarafýndan zorla kapatýldý
2024-10-16 21:00:37,394 - ERROR - Exception : [WinError 10054] Varolan bir baðlantý uzaktaki bir ana bilgisayar tarafýndan zorla kapatýldý
2024-10-16 21:00:37,541 - ERROR - Exception : [WinError 10054] Varolan bir baðlantý uzaktaki bir ana bilgisayar tarafýndan zorla kapatýldý
2024-10-16 21:00:38,314 - ERROR - Exception : [WinError 10054] Varolan bir baðlantý uzaktaki bir ana bilgisayar tarafýndan zorla kapatýldý
2024-10-16 21:00:38,600 - ERROR - Exception : timed out
2024-10-16 21:00:38,802 - ERROR - Exception : [WinError 10054] Varolan bir baðlantý uzaktaki bir ana bilgisayar tarafýndan zorla kapatýldý
2024-10-16 21:00:39,104 - ERROR - Exception : [WinError 10054] Varolan bir baðlantý uzaktaki bir ana bilgisayar tarafýndan zorla kapatýldý
2024-10-16 21:00:39,104 - ERROR - Exception : [WinError 10054] Varolan bir baðlantý uzaktaki bir ana bilgisayar tarafýndan zorla kapatýldý
2024-10-16 21:00:39,148 - ERROR - Exception : [WinError 10054] Varolan bir baðlantý uzaktaki bir ana bilgisayar tarafýndan zorla kapatýldý
2024-10-16 21:00:39,505 - ERROR - Exception : [WinError 10054] Varolan bir baðlantý uzaktaki bir ana bilgisayar tarafýndan zorla kapatýldý
2024-10-16 21:00:39,516 - ERROR - Exception : [WinError 10054] Varolan bir baðlantý uzaktaki bir ana bilgisayar tarafýndan zorla kapatýldý
2024-10-16 21:00:39,628 - ERROR - Exception : [WinError 10054] Varolan bir baðlantý uzaktaki bir ana bilgisayar tarafýndan zorla kapatýldý
2024-10-16 21:00:39,720 - ERROR - Exception : [WinError 10054] Varolan bir baðlantý uzaktaki bir ana bilgisayar tarafýndan zorla kapatýldý
2024-10-16 21:00:40,138 - ERROR - Exception : [WinError 10054] Varolan bir baðlantý uzaktaki bir ana bilgisayar tarafýndan zorla kapatýldý
2024-10-16 21:00:40,395 - ERROR - Exception : [WinError 10054] Varolan bir baðlantý uzaktaki bir ana bilgisayar tarafýndan zorla kapatýldý
2024-10-16 21:00:40,455 - ERROR - Exception : [WinError 10054] Varolan bir baðlantý uzaktaki bir ana bilgisayar tarafýndan zorla kapatýldý
2024-10-16 21:00:40,732 - ERROR - Exception : [WinError 10054] Varolan bir baðlantý uzaktaki bir ana bilgisayar tarafýndan zorla kapatýldý
2024-10-16 21:00:41,407 - ERROR - Exception : [WinError 10054] Varolan bir baðlantý uzaktaki bir ana bilgisayar tarafýndan zorla kapatýldý
2024-10-16 21:00:41,468 - ERROR - Exception : [WinError 10054] Varolan bir baðlantý uzaktaki bir ana bilgisayar tarafýndan zorla kapatýldý
2024-10-16 21:00:41,638 - ERROR - Exception : [WinError 10054] Varolan bir baðlantý uzaktaki bir ana bilgisayar tarafýndan zorla kapatýldý
2024-10-16 21:00:42,086 - ERROR - Exception : [WinError 10054] Varolan bir baðlantý uzaktaki bir ana bilgisayar tarafýndan zorla kapatýldý
2024-10-16 21:00:42,226 - ERROR - Exception : [WinError 10054] Varolan bir baðlantý uzaktaki bir ana bilgisayar tarafýndan zorla kapatýldý
2024-10-16 21:00:42,227 - ERROR - Exception : [WinError 10054] Varolan bir baðlantý uzaktaki bir ana bilgisayar tarafýndan zorla kapatýldý
2024-10-16 21:00:42,531 - ERROR - Exception : [WinError 10054] Varolan bir baðlantý uzaktaki bir ana bilgisayar tarafýndan zorla kapatýldý
2024-10-16 21:00:42,552 - ERROR - Exception : [WinError 10054] Varolan bir baðlantý uzaktaki bir ana bilgisayar tarafýndan zorla kapatýldý
2024-10-16 21:00:42,730 - ERROR - Exception : [WinError 10054] Varolan bir baðlantý uzaktaki bir ana bilgisayar tarafýndan zorla kapatýldý
2024-10-16 21:00:42,735 - ERROR - Exception : [WinError 10054] Varolan bir baðlantý uzaktaki bir ana bilgisayar tarafýndan zorla kapatýldý
2024-10-16 21:00:42,806 - ERROR - Exception : [WinError 10054] Varolan bir baðlantý uzaktaki bir ana bilgisayar tarafýndan zorla kapatýldý
2024-10-16 21:00:42,889 - ERROR - Exception : [WinError 10054] Varolan bir baðlantý uzaktaki bir ana bilgisayar tarafýndan zorla kapatýldý
2024-10-16 21:00:43,125 - ERROR - Exception : [WinError 10054] Varolan bir baðlantý uzaktaki bir ana bilgisayar tarafýndan zorla kapatýldý
2024-10-16 21:00:43,222 - ERROR - Exception : [WinError 10054] Varolan bir baðlantý uzaktaki bir ana bilgisayar tarafýndan zorla kapatýldý
2024-10-16 21:00:43,515 - ERROR - Exception : [WinError 10054] Varolan bir baðlantý uzaktaki bir ana bilgisayar tarafýndan zorla kapatýldý
2024-10-16 21:00:43,517 - ERROR - Exception : [WinError 10054] Varolan bir baðlantý uzaktaki bir ana bilgisayar tarafýndan zorla kapatýldý
2024-10-16 21:00:43,525 - ERROR - Exception : [WinError 10054] Varolan bir baðlantý uzaktaki bir ana bilgisayar tarafýndan zorla kapatýldý
2024-10-16 21:00:43,586 - ERROR - Exception : [WinError 10054] Varolan bir baðlantý uzaktaki bir ana bilgisayar tarafýndan zorla kapatýldý
2024-10-16 21:00:44,050 - ERROR - Exception : [WinError 10054] Varolan bir baðlantý uzaktaki bir ana bilgisayar tarafýndan zorla kapatýldý
2024-10-16 21:00:44,112 - ERROR - Exception : [WinError 10054] Varolan bir baðlantý uzaktaki bir ana bilgisayar tarafýndan zorla kapatýldý
2024-10-16 21:00:44,282 - ERROR - Exception : [WinError 10054] Varolan bir baðlantý uzaktaki bir ana bilgisayar tarafýndan zorla kapatýldý
2024-10-16 21:00:44,450 - ERROR - Exception : [WinError 10054] Varolan bir baðlantý uzaktaki bir ana bilgisayar tarafýndan zorla kapatýldý
2024-10-16 21:00:44,575 - ERROR - Exception : [WinError 10054] Varolan bir baðlantý uzaktaki bir ana bilgisayar tarafýndan zorla kapatýldý
2024-10-16 21:00:44,685 - ERROR - Exception : [WinError 10054] Varolan bir baðlantý uzaktaki bir ana bilgisayar tarafýndan zorla kapatýldý
2024-10-16 21:00:44,704 - ERROR - Exception : [WinError 10054] Varolan bir baðlantý uzaktaki bir ana bilgisayar tarafýndan zorla kapatýldý
2024-10-16 21:00:45,228 - ERROR - Exception : [WinError 10054] Varolan bir baðlantý uzaktaki bir ana bilgisayar tarafýndan zorla kapatýldý
2024-10-16 21:00:45,496 - ERROR - Exception : [WinError 10054] Varolan bir baðlantý uzaktaki bir ana bilgisayar tarafýndan zorla kapatýldý
2024-10-16 21:00:45,667 - ERROR - Exception : [WinError 10054] Varolan bir baðlantý uzaktaki bir ana bilgisayar tarafýndan zorla kapatýldý
2024-10-16 21:00:45,870 - ERROR - Exception : [WinError 10054] Varolan bir baðlantý uzaktaki bir ana bilgisayar tarafýndan zorla kapatýldý
2024-10-16 21:00:45,917 - ERROR - Exception : [WinError 10054] Varolan bir baðlantý uzaktaki bir ana bilgisayar tarafýndan zorla kapatýldý
2024-10-16 21:00:45,978 - ERROR - Exception : [WinError 10054] Varolan bir baðlantý uzaktaki bir ana bilgisayar tarafýndan zorla kapatýldý
2024-10-16 21:00:45,989 - ERROR - Exception : [WinError 10054] Varolan bir baðlantý uzaktaki bir ana bilgisayar tarafýndan zorla kapatýldý
2024-10-16 21:00:46,130 - ERROR - Exception : [WinError 10054] Varolan bir baðlantý uzaktaki bir ana bilgisayar tarafýndan zorla kapatýldý
2024-10-16 21:00:46,360 - ERROR - Exception : [WinError 10054] Varolan bir baðlantý uzaktaki bir ana bilgisayar tarafýndan zorla kapatýldý
2024-10-16 21:00:46,651 - ERROR - Exception : [WinError 10054] Varolan bir baðlantý uzaktaki bir ana bilgisayar tarafýndan zorla kapatýldý
2024-10-16 21:00:46,654 - ERROR - Exception : No entries found for the selected source(s).

>>> Last update of WHOIS database: 2024.10.17T00:00:37Z <<<

2024-10-16 21:00:46,668 - ERROR - Exception : [WinError 10054] Varolan bir baðlantý uzaktaki bir ana bilgisayar tarafýndan zorla kapatýldý
2024-10-16 21:00:46,974 - ERROR - Exception : [WinError 10054] Varolan bir baðlantý uzaktaki bir ana bilgisayar tarafýndan zorla kapatýldý
2024-10-16 21:00:47,064 - ERROR - Exception : [WinError 10054] Varolan bir baðlantý uzaktaki bir ana bilgisayar tarafýndan zorla kapatýldý
2024-10-16 21:00:47,217 - ERROR - Exception : [WinError 10054] Varolan bir baðlantý uzaktaki bir ana bilgisayar tarafýndan zorla kapatýldý
2024-10-16 21:00:47,851 - ERROR - Exception : timed out
2024-10-16 21:00:47,878 - ERROR - Exception : [WinError 10054] Varolan bir baðlantý uzaktaki bir ana bilgisayar tarafýndan zorla kapatýldý
2024-10-16 21:00:48,619 - ERROR - Exception : 403 Client Error: Forbidden for url: https://www.glennsguides.com/
2024-10-16 21:00:48,690 - INFO - Skipping https://glennsguides.com due to being N/A for some features.
2024-10-16 21:00:49,014 - ERROR - Exception : [WinError 10054] Varolan bir baðlantý uzaktaki bir ana bilgisayar tarafýndan zorla kapatýldý
2024-10-16 21:00:49,417 - ERROR - Exception : [WinError 10054] Varolan bir baðlantý uzaktaki bir ana bilgisayar tarafýndan zorla kapatýldý
2024-10-16 21:00:49,551 - ERROR - Exception : [WinError 10054] Varolan bir baðlantý uzaktaki bir ana bilgisayar tarafýndan zorla kapatýldý
2024-10-16 21:00:50,383 - ERROR - Exception : [WinError 10054] Varolan bir baðlantý uzaktaki bir ana bilgisayar tarafýndan zorla kapatýldý
2024-10-16 21:00:51,092 - ERROR - Exception : [WinError 10054] Varolan bir baðlantý uzaktaki bir ana bilgisayar tarafýndan zorla kapatýldý
2024-10-16 21:00:51,671 - ERROR - Exception : [WinError 10054] Varolan bir baðlantý uzaktaki bir ana bilgisayar tarafýndan zorla kapatýldý
2024-10-16 21:00:51,735 - ERROR - Exception : [WinError 10054] Varolan bir baðlantý uzaktaki bir ana bilgisayar tarafýndan zorla kapatýldý
2024-10-16 21:00:51,842 - ERROR - Exception : [WinError 10054] Varolan bir baðlantý uzaktaki bir ana bilgisayar tarafýndan zorla kapatýldý
2024-10-16 21:00:51,995 - ERROR - Exception : [WinError 10054] Varolan bir baðlantý uzaktaki bir ana bilgisayar tarafýndan zorla kapatýldý
2024-10-16 21:00:52,268 - ERROR - Exception : timed out
2024-10-16 21:00:52,452 - ERROR - Exception : [WinError 10054] Varolan bir baðlantý uzaktaki bir ana bilgisayar tarafýndan zorla kapatýldý
2024-10-16 21:00:52,460 - ERROR - Exception : [WinError 10054] Varolan bir baðlantý uzaktaki bir ana bilgisayar tarafýndan zorla kapatýldý
2024-10-16 21:00:52,915 - ERROR - Exception : [WinError 10054] Varolan bir baðlantý uzaktaki bir ana bilgisayar tarafýndan zorla kapatýldý
2024-10-16 21:00:52,947 - ERROR - Exception : [WinError 10054] Varolan bir baðlantý uzaktaki bir ana bilgisayar tarafýndan zorla kapatýldý
2024-10-16 21:00:53,149 - ERROR - Exception : [WinError 10054] Varolan bir baðlantý uzaktaki bir ana bilgisayar tarafýndan zorla kapatýldý
2024-10-16 21:00:53,164 - ERROR - Exception : [WinError 10054] Varolan bir baðlantý uzaktaki bir ana bilgisayar tarafýndan zorla kapatýldý
2024-10-16 21:00:53,303 - ERROR - Exception : [WinError 10054] Varolan bir baðlantý uzaktaki bir ana bilgisayar tarafýndan zorla kapatýldý
2024-10-16 21:00:55,275 - ERROR - Exception : [WinError 10054] Varolan bir baðlantý uzaktaki bir ana bilgisayar tarafýndan zorla kapatýldý
2024-10-16 21:00:55,364 - ERROR - Exception : [WinError 10054] Varolan bir baðlantý uzaktaki bir ana bilgisayar tarafýndan zorla kapatýldý
2024-10-16 21:00:55,519 - ERROR - Exception : [WinError 10054] Varolan bir baðlantý uzaktaki bir ana bilgisayar tarafýndan zorla kapatýldý
2024-10-16 21:00:55,712 - ERROR - Exception : [WinError 10054] Varolan bir baðlantý uzaktaki bir ana bilgisayar tarafýndan zorla kapatýldý
2024-10-16 21:00:56,198 - ERROR - Exception : [WinError 10054] Varolan bir baðlantý uzaktaki bir ana bilgisayar tarafýndan zorla kapatýldý
2024-10-16 21:00:56,467 - ERROR - Exception : [WinError 10054] Varolan bir baðlantý uzaktaki bir ana bilgisayar tarafýndan zorla kapatýldý
2024-10-16 21:00:56,654 - ERROR - Exception : [WinError 10054] Varolan bir baðlantý uzaktaki bir ana bilgisayar tarafýndan zorla kapatýldý
2024-10-16 21:00:56,700 - ERROR - Exception : [WinError 10054] Varolan bir baðlantý uzaktaki bir ana bilgisayar tarafýndan zorla kapatýldý
2024-10-16 21:00:57,316 - ERROR - Exception : [WinError 10054] Varolan bir baðlantý uzaktaki bir ana bilgisayar tarafýndan zorla kapatýldý
2024-10-16 21:00:57,579 - ERROR - Exception : [WinError 10054] Varolan bir baðlantý uzaktaki bir ana bilgisayar tarafýndan zorla kapatýldý
2024-10-16 21:00:57,647 - ERROR - Exception : [WinError 10054] Varolan bir baðlantý uzaktaki bir ana bilgisayar tarafýndan zorla kapatýldý
2024-10-16 21:00:57,714 - ERROR - Exception : [WinError 10054] Varolan bir baðlantý uzaktaki bir ana bilgisayar tarafýndan zorla kapatýldý
2024-10-16 21:00:57,962 - ERROR - Exception : [WinError 10054] Varolan bir baðlantý uzaktaki bir ana bilgisayar tarafýndan zorla kapatýldý
2024-10-16 21:00:58,180 - ERROR - Exception : [WinError 10054] Varolan bir baðlantý uzaktaki bir ana bilgisayar tarafýndan zorla kapatýldý
2024-10-16 21:00:58,401 - ERROR - Exception : [WinError 10054] Varolan bir baðlantý uzaktaki bir ana bilgisayar tarafýndan zorla kapatýldý
2024-10-16 21:00:58,403 - ERROR - Exception : [WinError 10054] Varolan bir baðlantý uzaktaki bir ana bilgisayar tarafýndan zorla kapatýldý
2024-10-16 21:00:58,833 - ERROR - Exception : [WinError 10054] Varolan bir baðlantý uzaktaki bir ana bilgisayar tarafýndan zorla kapatýldý
2024-10-16 21:00:58,879 - ERROR - Exception : [WinError 10054] Varolan bir baðlantý uzaktaki bir ana bilgisayar tarafýndan zorla kapatýldý
2024-10-16 21:00:59,438 - ERROR - Exception : [WinError 10054] Varolan bir baðlantý uzaktaki bir ana bilgisayar tarafýndan zorla kapatýldý
2024-10-16 21:00:59,695 - ERROR - Exception : [WinError 10054] Varolan bir baðlantý uzaktaki bir ana bilgisayar tarafýndan zorla kapatýldý
2024-10-16 21:00:59,741 - ERROR - Exception : [WinError 10054] Varolan bir baðlantý uzaktaki bir ana bilgisayar tarafýndan zorla kapatýldý
2024-10-16 21:00:59,784 - ERROR - Exception : [WinError 10054] Varolan bir baðlantý uzaktaki bir ana bilgisayar tarafýndan zorla kapatýldý
2024-10-16 21:00:59,800 - ERROR - Exception : [WinError 10054] Varolan bir baðlantý uzaktaki bir ana bilgisayar tarafýndan zorla kapatýldý
2024-10-16 21:00:59,875 - ERROR - Exception : [WinError 10054] Varolan bir baðlantý uzaktaki bir ana bilgisayar tarafýndan zorla kapatýldý
2024-10-16 21:00:59,965 - ERROR - Exception : [WinError 10054] Varolan bir baðlantý uzaktaki bir ana bilgisayar tarafýndan zorla kapatýldý
2024-10-16 21:01:00,945 - ERROR - Exception : [WinError 10054] Varolan bir baðlantý uzaktaki bir ana bilgisayar tarafýndan zorla kapatýldý
2024-10-16 21:01:00,946 - ERROR - Exception : [WinError 10054] Varolan bir baðlantý uzaktaki bir ana bilgisayar tarafýndan zorla kapatýldý
2024-10-16 21:01:00,949 - ERROR - Exception : [WinError 10054] Varolan bir baðlantý uzaktaki bir ana bilgisayar tarafýndan zorla kapatýldý
2024-10-16 21:01:01,012 - ERROR - Exception : [WinError 10054] Varolan bir baðlantý uzaktaki bir ana bilgisayar tarafýndan zorla kapatýldý
2024-10-16 21:01:01,712 - ERROR - Exception : [WinError 10054] Varolan bir baðlantý uzaktaki bir ana bilgisayar tarafýndan zorla kapatýldý
2024-10-16 21:01:01,903 - ERROR - Exception : [WinError 10054] Varolan bir baðlantý uzaktaki bir ana bilgisayar tarafýndan zorla kapatýldý
2024-10-16 21:01:01,972 - ERROR - Exception : [WinError 10054] Varolan bir baðlantý uzaktaki bir ana bilgisayar tarafýndan zorla kapatýldý
2024-10-16 21:01:02,006 - ERROR - Exception : [WinError 10054] Varolan bir baðlantý uzaktaki bir ana bilgisayar tarafýndan zorla kapatýldý
2024-10-16 21:01:02,271 - ERROR - Exception : [WinError 10054] Varolan bir baðlantý uzaktaki bir ana bilgisayar tarafýndan zorla kapatýldý
2024-10-16 21:01:02,299 - ERROR - Exception : [WinError 10054] Varolan bir baðlantý uzaktaki bir ana bilgisayar tarafýndan zorla kapatýldý
2024-10-16 21:01:02,384 - ERROR - Exception : No entries found for the selected source(s).

>>> Last update of WHOIS database: 2024.10.17T00:00:53Z <<<

2024-10-16 21:01:02,667 - ERROR - Exception : [WinError 10054] Varolan bir baðlantý uzaktaki bir ana bilgisayar tarafýndan zorla kapatýldý
2024-10-16 21:01:02,821 - ERROR - Exception : [WinError 10054] Varolan bir baðlantý uzaktaki bir ana bilgisayar tarafýndan zorla kapatýldý
2024-10-16 21:01:02,823 - ERROR - Exception : [WinError 10054] Varolan bir baðlantý uzaktaki bir ana bilgisayar tarafýndan zorla kapatýldý
2024-10-16 21:01:03,454 - ERROR - Exception : [WinError 10054] Varolan bir baðlantý uzaktaki bir ana bilgisayar tarafýndan zorla kapatýldý
2024-10-16 21:01:03,461 - ERROR - Exception : [WinError 10054] Varolan bir baðlantý uzaktaki bir ana bilgisayar tarafýndan zorla kapatýldý
2024-10-16 21:01:03,467 - ERROR - Exception : [WinError 10054] Varolan bir baðlantý uzaktaki bir ana bilgisayar tarafýndan zorla kapatýldý
2024-10-16 21:01:03,468 - ERROR - Exception : [WinError 10054] Varolan bir baðlantý uzaktaki bir ana bilgisayar tarafýndan zorla kapatýldý
2024-10-16 21:01:03,499 - ERROR - Exception : [WinError 10054] Varolan bir baðlantý uzaktaki bir ana bilgisayar tarafýndan zorla kapatýldý
2024-10-16 21:01:03,575 - ERROR - Exception : [WinError 10054] Varolan bir baðlantý uzaktaki bir ana bilgisayar tarafýndan zorla kapatýldý
2024-10-16 21:01:03,750 - ERROR - Exception : [WinError 10054] Varolan bir baðlantý uzaktaki bir ana bilgisayar tarafýndan zorla kapatýldý
2024-10-16 21:01:03,881 - ERROR - Exception : [WinError 10054] Varolan bir baðlantý uzaktaki bir ana bilgisayar tarafýndan zorla kapatýldý
2024-10-16 21:01:03,958 - ERROR - Exception : [WinError 10054] Varolan bir baðlantý uzaktaki bir ana bilgisayar tarafýndan zorla kapatýldý
2024-10-16 21:01:04,219 - ERROR - Exception : [WinError 10054] Varolan bir baðlantý uzaktaki bir ana bilgisayar tarafýndan zorla kapatýldý
2024-10-16 21:01:04,235 - ERROR - Exception : [WinError 10054] Varolan bir baðlantý uzaktaki bir ana bilgisayar tarafýndan zorla kapatýldý
2024-10-16 21:01:04,249 - ERROR - Exception : [WinError 10054] Varolan bir baðlantý uzaktaki bir ana bilgisayar tarafýndan zorla kapatýldý
2024-10-16 21:01:05,323 - ERROR - Exception : [WinError 10054] Varolan bir baðlantý uzaktaki bir ana bilgisayar tarafýndan zorla kapatýldý
2024-10-16 21:01:05,623 - ERROR - Exception : [WinError 10054] Varolan bir baðlantý uzaktaki bir ana bilgisayar tarafýndan zorla kapatýldý
2024-10-16 21:01:05,822 - ERROR - Exception : [WinError 10054] Varolan bir baðlantý uzaktaki bir ana bilgisayar tarafýndan zorla kapatýldý
2024-10-16 21:01:05,965 - ERROR - Exception : [WinError 10054] Varolan bir baðlantý uzaktaki bir ana bilgisayar tarafýndan zorla kapatýldý
2024-10-16 21:01:06,711 - ERROR - Exception : [WinError 10054] Varolan bir baðlantý uzaktaki bir ana bilgisayar tarafýndan zorla kapatýldý
2024-10-16 21:01:07,118 - ERROR - Exception : [WinError 10054] Varolan bir baðlantý uzaktaki bir ana bilgisayar tarafýndan zorla kapatýldý
2024-10-16 21:01:07,165 - ERROR - Exception : [WinError 10054] Varolan bir baðlantý uzaktaki bir ana bilgisayar tarafýndan zorla kapatýldý
2024-10-16 21:01:07,347 - ERROR - Exception : [WinError 10054] Varolan bir baðlantý uzaktaki bir ana bilgisayar tarafýndan zorla kapatýldý
2024-10-16 21:01:07,380 - ERROR - Exception : [WinError 10054] Varolan bir baðlantý uzaktaki bir ana bilgisayar tarafýndan zorla kapatýldý
2024-10-16 21:01:07,703 - ERROR - Exception : [WinError 10054] Varolan bir baðlantý uzaktaki bir ana bilgisayar tarafýndan zorla kapatýldý
2024-10-16 21:01:07,732 - ERROR - Exception : [WinError 10054] Varolan bir baðlantý uzaktaki bir ana bilgisayar tarafýndan zorla kapatýldý
2024-10-16 21:01:07,995 - ERROR - Exception : [WinError 10054] Varolan bir baðlantý uzaktaki bir ana bilgisayar tarafýndan zorla kapatýldý
2024-10-16 21:01:08,177 - ERROR - Exception : [WinError 10054] Varolan bir baðlantý uzaktaki bir ana bilgisayar tarafýndan zorla kapatýldý
2024-10-16 21:01:08,210 - ERROR - Exception : [WinError 10054] Varolan bir baðlantý uzaktaki bir ana bilgisayar tarafýndan zorla kapatýldý
2024-10-16 21:01:08,889 - ERROR - Exception : [WinError 10054] Varolan bir baðlantý uzaktaki bir ana bilgisayar tarafýndan zorla kapatýldý
2024-10-16 21:01:09,017 - ERROR - Exception : [WinError 10054] Varolan bir baðlantý uzaktaki bir ana bilgisayar tarafýndan zorla kapatýldý
2024-10-16 21:01:09,056 - ERROR - Exception : [WinError 10054] Varolan bir baðlantý uzaktaki bir ana bilgisayar tarafýndan zorla kapatýldý
2024-10-16 21:01:09,180 - ERROR - Exception : [WinError 10054] Varolan bir baðlantý uzaktaki bir ana bilgisayar tarafýndan zorla kapatýldý
2024-10-16 21:01:09,528 - ERROR - Exception : [WinError 10054] Varolan bir baðlantý uzaktaki bir ana bilgisayar tarafýndan zorla kapatýldý
2024-10-16 21:01:10,143 - ERROR - Exception : [WinError 10054] Varolan bir baðlantý uzaktaki bir ana bilgisayar tarafýndan zorla kapatýldý
2024-10-16 21:01:10,235 - ERROR - Exception : [WinError 10054] Varolan bir baðlantý uzaktaki bir ana bilgisayar tarafýndan zorla kapatýldý
2024-10-16 21:01:10,769 - ERROR - Exception : [WinError 10054] Varolan bir baðlantý uzaktaki bir ana bilgisayar tarafýndan zorla kapatýldý
2024-10-16 21:01:10,772 - ERROR - Exception : [WinError 10054] Varolan bir baðlantý uzaktaki bir ana bilgisayar tarafýndan zorla kapatýldý
2024-10-16 21:01:10,938 - ERROR - Exception : [WinError 10054] Varolan bir baðlantý uzaktaki bir ana bilgisayar tarafýndan zorla kapatýldý
2024-10-16 21:01:10,968 - ERROR - Exception : [WinError 10054] Varolan bir baðlantý uzaktaki bir ana bilgisayar tarafýndan zorla kapatýldý
2024-10-16 21:01:11,015 - ERROR - Exception : [WinError 10054] Varolan bir baðlantý uzaktaki bir ana bilgisayar tarafýndan zorla kapatýldý
2024-10-16 21:01:11,180 - ERROR - Exception : [WinError 10054] Varolan bir baðlantý uzaktaki bir ana bilgisayar tarafýndan zorla kapatýldý
2024-10-16 21:01:11,755 - ERROR - Exception : [WinError 10054] Varolan bir baðlantý uzaktaki bir ana bilgisayar tarafýndan zorla kapatýldý
2024-10-16 21:01:11,768 - ERROR - Exception : [WinError 10054] Varolan bir baðlantý uzaktaki bir ana bilgisayar tarafýndan zorla kapatýldý
2024-10-16 21:01:12,108 - ERROR - Exception : [WinError 10054] Varolan bir baðlantý uzaktaki bir ana bilgisayar tarafýndan zorla kapatýldý
2024-10-16 21:01:12,246 - ERROR - Exception : [WinError 10054] Varolan bir baðlantý uzaktaki bir ana bilgisayar tarafýndan zorla kapatýldý
2024-10-16 21:01:12,248 - ERROR - Exception : [WinError 10054] Varolan bir baðlantý uzaktaki bir ana bilgisayar tarafýndan zorla kapatýldý
2024-10-16 21:01:12,261 - ERROR - Exception : [WinError 10054] Varolan bir baðlantý uzaktaki bir ana bilgisayar tarafýndan zorla kapatýldý
2024-10-16 21:01:12,583 - ERROR - Exception : [WinError 10054] Varolan bir baðlantý uzaktaki bir ana bilgisayar tarafýndan zorla kapatýldý
2024-10-16 21:01:12,675 - ERROR - Exception : [WinError 10054] Varolan bir baðlantý uzaktaki bir ana bilgisayar tarafýndan zorla kapatýldý
2024-10-16 21:01:12,921 - ERROR - Exception : [WinError 10054] Varolan bir baðlantý uzaktaki bir ana bilgisayar tarafýndan zorla kapatýldý
2024-10-16 21:01:12,966 - ERROR - Exception : [WinError 10054] Varolan bir baðlantý uzaktaki bir ana bilgisayar tarafýndan zorla kapatýldý
2024-10-16 21:01:13,012 - ERROR - Exception : [WinError 10054] Varolan bir baðlantý uzaktaki bir ana bilgisayar tarafýndan zorla kapatýldý
2024-10-16 21:01:13,135 - ERROR - Exception : [WinError 10054] Varolan bir baðlantý uzaktaki bir ana bilgisayar tarafýndan zorla kapatýldý
2024-10-16 21:01:13,159 - ERROR - Exception : [WinError 10054] Varolan bir baðlantý uzaktaki bir ana bilgisayar tarafýndan zorla kapatýldý
2024-10-16 21:01:13,242 - ERROR - Exception : ('Connection aborted.', RemoteDisconnected('Remote end closed connection without response'))
2024-10-16 21:01:13,275 - ERROR - Exception : [WinError 10054] Varolan bir baðlantý uzaktaki bir ana bilgisayar tarafýndan zorla kapatýldý
2024-10-16 21:01:13,406 - ERROR - Exception : [WinError 10054] Varolan bir baðlantý uzaktaki bir ana bilgisayar tarafýndan zorla kapatýldý
2024-10-16 21:01:13,687 - ERROR - Exception : [WinError 10054] Varolan bir baðlantý uzaktaki bir ana bilgisayar tarafýndan zorla kapatýldý
2024-10-16 21:01:13,820 - ERROR - Exception : [WinError 10054] Varolan bir baðlantý uzaktaki bir ana bilgisayar tarafýndan zorla kapatýldý
2024-10-16 21:01:13,821 - ERROR - Exception : [WinError 10054] Varolan bir baðlantý uzaktaki bir ana bilgisayar tarafýndan zorla kapatýldý
2024-10-16 21:01:13,841 - ERROR - Exception : [WinError 10054] Varolan bir baðlantý uzaktaki bir ana bilgisayar tarafýndan zorla kapatýldý
2024-10-16 21:01:13,965 - ERROR - Exception : [WinError 10054] Varolan bir baðlantý uzaktaki bir ana bilgisayar tarafýndan zorla kapatýldý
2024-10-16 21:01:15,536 - ERROR - Exception : No entries found for the selected source(s).

>>> Last update of WHOIS database: 2024.10.17T00:01:06Z <<<

2024-10-16 21:01:17,551 - ERROR - Exception : No entries found for the selected source(s).

>>> Last update of WHOIS database: 2024.10.17T00:01:08Z <<<

2024-10-16 21:01:18,276 - ERROR - Exception : [WinError 10054] Varolan bir baðlantý uzaktaki bir ana bilgisayar tarafýndan zorla kapatýldý
2024-10-16 21:01:18,276 - ERROR - Exception : [WinError 10054] Varolan bir baðlantý uzaktaki bir ana bilgisayar tarafýndan zorla kapatýldý
2024-10-16 21:01:18,402 - ERROR - Exception : [WinError 10054] Varolan bir baðlantý uzaktaki bir ana bilgisayar tarafýndan zorla kapatýldý
2024-10-16 21:01:18,505 - ERROR - Exception : [WinError 10054] Varolan bir baðlantý uzaktaki bir ana bilgisayar tarafýndan zorla kapatýldý
2024-10-16 21:01:18,621 - ERROR - Exception : [WinError 10054] Varolan bir baðlantý uzaktaki bir ana bilgisayar tarafýndan zorla kapatýldý
2024-10-16 21:01:18,624 - ERROR - Exception : [WinError 10054] Varolan bir baðlantý uzaktaki bir ana bilgisayar tarafýndan zorla kapatýldý
2024-10-16 21:01:18,624 - ERROR - Exception : [WinError 10054] Varolan bir baðlantý uzaktaki bir ana bilgisayar tarafýndan zorla kapatýldý
2024-10-16 21:01:18,691 - ERROR - Exception : [WinError 10054] Varolan bir baðlantý uzaktaki bir ana bilgisayar tarafýndan zorla kapatýldý
2024-10-16 21:01:18,871 - ERROR - Exception : [WinError 10054] Varolan bir baðlantý uzaktaki bir ana bilgisayar tarafýndan zorla kapatýldý
2024-10-16 21:01:18,901 - ERROR - Exception : [WinError 10054] Varolan bir baðlantý uzaktaki bir ana bilgisayar tarafýndan zorla kapatýldý
2024-10-16 21:01:19,085 - ERROR - Exception : [WinError 10054] Varolan bir baðlantý uzaktaki bir ana bilgisayar tarafýndan zorla kapatýldý
2024-10-16 21:01:19,204 - ERROR - Exception : [WinError 10054] Varolan bir baðlantý uzaktaki bir ana bilgisayar tarafýndan zorla kapatýldý
2024-10-16 21:01:19,210 - ERROR - Exception : [WinError 10054] Varolan bir baðlantý uzaktaki bir ana bilgisayar tarafýndan zorla kapatýldý
2024-10-16 21:01:19,309 - ERROR - Exception : [WinError 10054] Varolan bir baðlantý uzaktaki bir ana bilgisayar tarafýndan zorla kapatýldý
2024-10-16 21:01:19,640 - ERROR - Exception : [WinError 10054] Varolan bir baðlantý uzaktaki bir ana bilgisayar tarafýndan zorla kapatýldý
2024-10-16 21:01:19,670 - ERROR - Exception : [WinError 10054] Varolan bir baðlantý uzaktaki bir ana bilgisayar tarafýndan zorla kapatýldý
2024-10-16 21:01:19,737 - ERROR - Exception : [WinError 10054] Varolan bir baðlantý uzaktaki bir ana bilgisayar tarafýndan zorla kapatýldý
2024-10-16 21:01:19,838 - ERROR - Exception : [WinError 10054] Varolan bir baðlantý uzaktaki bir ana bilgisayar tarafýndan zorla kapatýldý
2024-10-16 21:01:20,030 - ERROR - Exception : [WinError 10054] Varolan bir baðlantý uzaktaki bir ana bilgisayar tarafýndan zorla kapatýldý
2024-10-16 21:01:20,108 - ERROR - Exception : [WinError 10054] Varolan bir baðlantý uzaktaki bir ana bilgisayar tarafýndan zorla kapatýldý
2024-10-16 21:01:20,206 - ERROR - Exception : [WinError 10054] Varolan bir baðlantý uzaktaki bir ana bilgisayar tarafýndan zorla kapatýldý
2024-10-16 21:01:20,375 - ERROR - Exception : [WinError 10054] Varolan bir baðlantý uzaktaki bir ana bilgisayar tarafýndan zorla kapatýldý
2024-10-16 21:01:20,451 - ERROR - Exception : [WinError 10054] Varolan bir baðlantý uzaktaki bir ana bilgisayar tarafýndan zorla kapatýldý
2024-10-16 21:01:20,453 - ERROR - Exception : [WinError 10054] Varolan bir baðlantý uzaktaki bir ana bilgisayar tarafýndan zorla kapatýldý
2024-10-16 21:01:20,487 - ERROR - Exception : [WinError 10054] Varolan bir baðlantý uzaktaki bir ana bilgisayar tarafýndan zorla kapatýldý
2024-10-16 21:01:20,490 - ERROR - Exception : [WinError 10054] Varolan bir baðlantý uzaktaki bir ana bilgisayar tarafýndan zorla kapatýldý
2024-10-16 21:01:20,909 - ERROR - Exception : [WinError 10054] Varolan bir baðlantý uzaktaki bir ana bilgisayar tarafýndan zorla kapatýldý
2024-10-16 21:01:20,910 - ERROR - Exception : [WinError 10054] Varolan bir baðlantý uzaktaki bir ana bilgisayar tarafýndan zorla kapatýldý
2024-10-16 21:01:20,952 - ERROR - Exception : [WinError 10054] Varolan bir baðlantý uzaktaki bir ana bilgisayar tarafýndan zorla kapatýldý
2024-10-16 21:01:21,052 - ERROR - Exception : [WinError 10054] Varolan bir baðlantý uzaktaki bir ana bilgisayar tarafýndan zorla kapatýldý
2024-10-16 21:01:21,203 - ERROR - Exception : [WinError 10054] Varolan bir baðlantý uzaktaki bir ana bilgisayar tarafýndan zorla kapatýldý
2024-10-16 21:01:21,336 - ERROR - Exception : [WinError 10054] Varolan bir baðlantý uzaktaki bir ana bilgisayar tarafýndan zorla kapatýldý
2024-10-16 21:01:21,540 - ERROR - Exception : [WinError 10054] Varolan bir baðlantý uzaktaki bir ana bilgisayar tarafýndan zorla kapatýldý
2024-10-16 21:01:21,604 - ERROR - Exception : [WinError 10054] Varolan bir baðlantý uzaktaki bir ana bilgisayar tarafýndan zorla kapatýldý
2024-10-16 21:01:22,306 - ERROR - Exception : [WinError 10054] Varolan bir baðlantý uzaktaki bir ana bilgisayar tarafýndan zorla kapatýldý
2024-10-16 21:01:22,520 - ERROR - Exception : [WinError 10054] Varolan bir baðlantý uzaktaki bir ana bilgisayar tarafýndan zorla kapatýldý
2024-10-16 21:01:22,688 - ERROR - Exception : [WinError 10054] Varolan bir baðlantý uzaktaki bir ana bilgisayar tarafýndan zorla kapatýldý
2024-10-16 21:01:22,704 - ERROR - Exception : [WinError 10054] Varolan bir baðlantý uzaktaki bir ana bilgisayar tarafýndan zorla kapatýldý
2024-10-16 21:01:22,808 - ERROR - Exception : [WinError 10054] Varolan bir baðlantý uzaktaki bir ana bilgisayar tarafýndan zorla kapatýldý
2024-10-16 21:01:23,127 - ERROR - Exception : [WinError 10054] Varolan bir baðlantý uzaktaki bir ana bilgisayar tarafýndan zorla kapatýldý
2024-10-16 21:01:23,251 - ERROR - Exception : [WinError 10054] Varolan bir baðlantý uzaktaki bir ana bilgisayar tarafýndan zorla kapatýldý
2024-10-16 21:01:23,252 - ERROR - Exception : [WinError 10054] Varolan bir baðlantý uzaktaki bir ana bilgisayar tarafýndan zorla kapatýldý
2024-10-16 21:01:23,399 - ERROR - Exception : [WinError 10054] Varolan bir baðlantý uzaktaki bir ana bilgisayar tarafýndan zorla kapatýldý
2024-10-16 21:01:23,405 - ERROR - Exception : [WinError 10054] Varolan bir baðlantý uzaktaki bir ana bilgisayar tarafýndan zorla kapatýldý
2024-10-16 21:01:23,594 - ERROR - Exception : [WinError 10054] Varolan bir baðlantý uzaktaki bir ana bilgisayar tarafýndan zorla kapatýldý
2024-10-16 21:01:23,726 - ERROR - Exception : [WinError 10054] Varolan bir baðlantý uzaktaki bir ana bilgisayar tarafýndan zorla kapatýldý
2024-10-16 21:01:23,881 - ERROR - Exception : [WinError 10054] Varolan bir baðlantý uzaktaki bir ana bilgisayar tarafýndan zorla kapatýldý
2024-10-16 21:01:24,214 - ERROR - Exception : [WinError 10054] Varolan bir baðlantý uzaktaki bir ana bilgisayar tarafýndan zorla kapatýldý
2024-10-16 21:01:24,306 - ERROR - Exception : [WinError 10054] Varolan bir baðlantý uzaktaki bir ana bilgisayar tarafýndan zorla kapatýldý
2024-10-16 21:01:24,687 - ERROR - Exception : [WinError 10054] Varolan bir baðlantý uzaktaki bir ana bilgisayar tarafýndan zorla kapatýldý
2024-10-16 21:01:24,847 - ERROR - Exception : [WinError 10054] Varolan bir baðlantý uzaktaki bir ana bilgisayar tarafýndan zorla kapatýldý
2024-10-16 21:01:25,559 - ERROR - Exception : [WinError 10054] Varolan bir baðlantý uzaktaki bir ana bilgisayar tarafýndan zorla kapatýldý
2024-10-16 21:01:25,592 - ERROR - Exception : [WinError 10054] Varolan bir baðlantý uzaktaki bir ana bilgisayar tarafýndan zorla kapatýldý
2024-10-16 21:01:25,593 - ERROR - Exception : [WinError 10054] Varolan bir baðlantý uzaktaki bir ana bilgisayar tarafýndan zorla kapatýldý
2024-10-16 21:01:25,944 - ERROR - Exception : [WinError 10054] Varolan bir baðlantý uzaktaki bir ana bilgisayar tarafýndan zorla kapatýldý
2024-10-16 21:01:26,111 - ERROR - Exception : ('Connection aborted.', RemoteDisconnected('Remote end closed connection without response'))
2024-10-16 21:01:26,142 - ERROR - Exception : [WinError 10054] Varolan bir baðlantý uzaktaki bir ana bilgisayar tarafýndan zorla kapatýldý
2024-10-16 21:01:26,157 - ERROR - Exception : ('Connection aborted.', RemoteDisconnected('Remote end closed connection without response'))
2024-10-16 21:01:26,207 - ERROR - Exception : [WinError 10054] Varolan bir baðlantý uzaktaki bir ana bilgisayar tarafýndan zorla kapatýldý
2024-10-16 21:01:26,240 - ERROR - Exception : ('Connection aborted.', RemoteDisconnected('Remote end closed connection without response'))
2024-10-16 21:01:26,315 - ERROR - Exception : ('Connection aborted.', RemoteDisconnected('Remote end closed connection without response'))
2024-10-16 21:01:26,331 - ERROR - Exception : ('Connection aborted.', RemoteDisconnected('Remote end closed connection without response'))
2024-10-16 21:01:26,428 - ERROR - Exception : [WinError 10054] Varolan bir baðlantý uzaktaki bir ana bilgisayar tarafýndan zorla kapatýldý
2024-10-16 21:01:26,467 - ERROR - Exception : [WinError 10054] Varolan bir baðlantý uzaktaki bir ana bilgisayar tarafýndan zorla kapatýldý
2024-10-16 21:01:26,632 - ERROR - Exception : [WinError 10054] Varolan bir baðlantý uzaktaki bir ana bilgisayar tarafýndan zorla kapatýldý
2024-10-16 21:01:26,704 - ERROR - Exception : [WinError 10054] Varolan bir baðlantý uzaktaki bir ana bilgisayar tarafýndan zorla kapatýldý
2024-10-16 21:01:26,805 - ERROR - Exception : timed out
2024-10-16 21:01:26,874 - ERROR - Exception : [WinError 10054] Varolan bir baðlantý uzaktaki bir ana bilgisayar tarafýndan zorla kapatýldý
2024-10-16 21:01:27,653 - ERROR - Exception : [WinError 10054] Varolan bir baðlantý uzaktaki bir ana bilgisayar tarafýndan zorla kapatýldý
2024-10-16 21:01:28,611 - ERROR - Exception : No match for "HAPPYWHEELS.US.COM".
>>> Last update of whois database: 2024-10-16T21:01:18Z <<<

NOTICE: The expiration date displayed in this record is the date the
registrar's sponsorship of the domain name registration in the registry is
currently set to expire. This date does not necessarily reflect the expiration
date of the domain name registrant's agreement with the sponsoring
registrar.  Users may consult the sponsoring registrar's Whois database to
view the registrar's reported date of expiration for this registration.

TERMS OF USE: You are not authorized to access or query our Whois
database through the use of electronic processes that are high-volume and
automated except as reasonably necessary to register domain names or
modify existing registrations; the Data in VeriSign Global Registry
Services' ("VeriSign") Whois database is provided by VeriSign for
information purposes only, and to assist persons in obtaining information
about or related to a domain name registration record. VeriSign does not
guarantee its accuracy. By submitting a Whois query, you agree to abide
by the following terms of use: You agree that you may use this Data only
for lawful purposes and that under no circumstances will you use this Data
to: (1) allow, enable, or otherwise support the transmission of mass
unsolicited, commercial advertising or solicitations via e-mail, telephone,
or facsimile; or (2) enable high volume, automated, electronic processes
that apply to VeriSign (or its computer systems). The compilation,
repackaging, dissemination or other use of this Data is expressly
prohibited without the prior written consent of VeriSign. You agree not to
use electronic processes that are automated and high-volume to access or
query the Whois database except as reasonably necessary to register
domain names or modify existing registrations. VeriSign reserves the right
to restrict your access to the Whois database in its sole discretion to ensure
operational stability.  VeriSign may restrict or terminate your access to the
Whois database for failure to abide by these terms of use. VeriSign
reserves the right to modify these terms at any time.

The Registry database contains ONLY .COM, .NET, .EDU domains and
Registrars.

2024-10-16 21:01:31,257 - ERROR - Exception : [WinError 10054] Varolan bir baðlantý uzaktaki bir ana bilgisayar tarafýndan zorla kapatýldý
2024-10-16 21:01:31,268 - ERROR - Exception : [WinError 10054] Varolan bir baðlantý uzaktaki bir ana bilgisayar tarafýndan zorla kapatýldý
2024-10-16 21:01:31,593 - ERROR - Exception : [WinError 10054] Varolan bir baðlantý uzaktaki bir ana bilgisayar tarafýndan zorla kapatýldý
2024-10-16 21:01:31,960 - ERROR - Exception : [WinError 10054] Varolan bir baðlantý uzaktaki bir ana bilgisayar tarafýndan zorla kapatýldý
2024-10-16 21:01:32,767 - ERROR - Exception : [WinError 10054] Varolan bir baðlantý uzaktaki bir ana bilgisayar tarafýndan zorla kapatýldý
2024-10-16 21:01:33,166 - ERROR - Exception : [WinError 10054] Varolan bir baðlantý uzaktaki bir ana bilgisayar tarafýndan zorla kapatýldý
2024-10-16 21:01:33,994 - ERROR - Exception : [WinError 10054] Varolan bir baðlantý uzaktaki bir ana bilgisayar tarafýndan zorla kapatýldý
2024-10-16 21:01:34,224 - ERROR - Exception : [WinError 10054] Varolan bir baðlantý uzaktaki bir ana bilgisayar tarafýndan zorla kapatýldý
2024-10-16 21:01:35,925 - ERROR - Exception : [WinError 10054] Varolan bir baðlantý uzaktaki bir ana bilgisayar tarafýndan zorla kapatýldý
2024-10-16 21:01:37,427 - ERROR - Exception : [WinError 10054] Varolan bir baðlantý uzaktaki bir ana bilgisayar tarafýndan zorla kapatýldý
2024-10-16 21:01:38,272 - ERROR - Exception : [WinError 10054] Varolan bir baðlantý uzaktaki bir ana bilgisayar tarafýndan zorla kapatýldý
2024-10-16 21:01:38,454 - ERROR - Exception : [WinError 10054] Varolan bir baðlantý uzaktaki bir ana bilgisayar tarafýndan zorla kapatýldý
2024-10-16 21:01:38,674 - ERROR - Exception : [WinError 10054] Varolan bir baðlantý uzaktaki bir ana bilgisayar tarafýndan zorla kapatýldý
2024-10-16 21:01:38,709 - ERROR - Exception : [WinError 10054] Varolan bir baðlantý uzaktaki bir ana bilgisayar tarafýndan zorla kapatýldý
2024-10-16 21:01:39,024 - ERROR - Exception : [WinError 10054] Varolan bir baðlantý uzaktaki bir ana bilgisayar tarafýndan zorla kapatýldý
2024-10-16 21:01:39,934 - ERROR - Exception : [WinError 10054] Varolan bir baðlantý uzaktaki bir ana bilgisayar tarafýndan zorla kapatýldý
2024-10-16 21:01:40,096 - ERROR - Exception : [WinError 10054] Varolan bir baðlantý uzaktaki bir ana bilgisayar tarafýndan zorla kapatýldý
2024-10-16 21:01:40,156 - ERROR - Exception : [WinError 10054] Varolan bir baðlantý uzaktaki bir ana bilgisayar tarafýndan zorla kapatýldý
2024-10-16 21:01:40,561 - ERROR - Exception : [WinError 10054] Varolan bir baðlantý uzaktaki bir ana bilgisayar tarafýndan zorla kapatýldý
2024-10-16 21:01:40,872 - ERROR - Exception : [WinError 10054] Varolan bir baðlantý uzaktaki bir ana bilgisayar tarafýndan zorla kapatýldý
2024-10-16 21:01:41,678 - ERROR - Exception : [WinError 10054] Varolan bir baðlantý uzaktaki bir ana bilgisayar tarafýndan zorla kapatýldý
2024-10-16 21:01:41,727 - ERROR - Exception : [WinError 10054] Varolan bir baðlantý uzaktaki bir ana bilgisayar tarafýndan zorla kapatýldý
2024-10-16 21:01:41,750 - ERROR - Exception : [WinError 10054] Varolan bir baðlantý uzaktaki bir ana bilgisayar tarafýndan zorla kapatýldý
2024-10-16 21:01:41,852 - ERROR - Exception : [WinError 10054] Varolan bir baðlantý uzaktaki bir ana bilgisayar tarafýndan zorla kapatýldý
2024-10-16 21:01:41,992 - ERROR - Exception : [WinError 10054] Varolan bir baðlantý uzaktaki bir ana bilgisayar tarafýndan zorla kapatýldý
2024-10-16 21:01:42,002 - ERROR - Exception : [WinError 10054] Varolan bir baðlantý uzaktaki bir ana bilgisayar tarafýndan zorla kapatýldý
2024-10-16 21:01:42,029 - ERROR - Exception : [WinError 10054] Varolan bir baðlantý uzaktaki bir ana bilgisayar tarafýndan zorla kapatýldý
2024-10-16 21:01:42,131 - ERROR - Exception : [WinError 10054] Varolan bir baðlantý uzaktaki bir ana bilgisayar tarafýndan zorla kapatýldý
2024-10-16 21:01:42,241 - ERROR - Exception : [WinError 10054] Varolan bir baðlantý uzaktaki bir ana bilgisayar tarafýndan zorla kapatýldý
2024-10-16 21:01:42,244 - ERROR - Exception : [WinError 10054] Varolan bir baðlantý uzaktaki bir ana bilgisayar tarafýndan zorla kapatýldý
2024-10-16 21:01:42,254 - ERROR - Exception : [WinError 10054] Varolan bir baðlantý uzaktaki bir ana bilgisayar tarafýndan zorla kapatýldý
2024-10-16 21:01:42,331 - ERROR - Exception : [WinError 10054] Varolan bir baðlantý uzaktaki bir ana bilgisayar tarafýndan zorla kapatýldý
2024-10-16 21:01:42,346 - ERROR - Exception : [WinError 10054] Varolan bir baðlantý uzaktaki bir ana bilgisayar tarafýndan zorla kapatýldý
2024-10-16 21:01:42,493 - ERROR - Exception : [WinError 10054] Varolan bir baðlantý uzaktaki bir ana bilgisayar tarafýndan zorla kapatýldý
2024-10-16 21:01:42,523 - ERROR - Exception : [WinError 10054] Varolan bir baðlantý uzaktaki bir ana bilgisayar tarafýndan zorla kapatýldý
2024-10-16 21:01:42,553 - ERROR - Exception : [WinError 10054] Varolan bir baðlantý uzaktaki bir ana bilgisayar tarafýndan zorla kapatýldý
2024-10-16 21:01:42,687 - ERROR - Exception : [WinError 10054] Varolan bir baðlantý uzaktaki bir ana bilgisayar tarafýndan zorla kapatýldý
2024-10-16 21:01:43,126 - ERROR - Exception : [WinError 10054] Varolan bir baðlantý uzaktaki bir ana bilgisayar tarafýndan zorla kapatýldý
2024-10-16 21:01:43,309 - ERROR - Exception : [WinError 10054] Varolan bir baðlantý uzaktaki bir ana bilgisayar tarafýndan zorla kapatýldý
2024-10-16 21:01:43,470 - ERROR - Exception : [WinError 10054] Varolan bir baðlantý uzaktaki bir ana bilgisayar tarafýndan zorla kapatýldý
2024-10-16 21:01:43,596 - ERROR - Exception : [WinError 10054] Varolan bir baðlantý uzaktaki bir ana bilgisayar tarafýndan zorla kapatýldý
2024-10-16 21:01:43,611 - ERROR - Exception : [WinError 10054] Varolan bir baðlantý uzaktaki bir ana bilgisayar tarafýndan zorla kapatýldý
2024-10-16 21:01:44,756 - ERROR - Exception : [WinError 10054] Varolan bir baðlantý uzaktaki bir ana bilgisayar tarafýndan zorla kapatýldý
2024-10-16 21:01:44,909 - ERROR - Exception : [WinError 10054] Varolan bir baðlantý uzaktaki bir ana bilgisayar tarafýndan zorla kapatýldý
2024-10-16 21:01:45,057 - ERROR - Exception : [WinError 10054] Varolan bir baðlantý uzaktaki bir ana bilgisayar tarafýndan zorla kapatýldý
2024-10-16 21:01:45,187 - ERROR - Exception : [WinError 10054] Varolan bir baðlantý uzaktaki bir ana bilgisayar tarafýndan zorla kapatýldý
2024-10-16 21:01:45,318 - ERROR - Exception : [WinError 10054] Varolan bir baðlantý uzaktaki bir ana bilgisayar tarafýndan zorla kapatýldý
2024-10-16 21:01:45,477 - ERROR - Exception : [WinError 10054] Varolan bir baðlantý uzaktaki bir ana bilgisayar tarafýndan zorla kapatýldý
2024-10-16 21:01:45,493 - ERROR - Exception : [WinError 10054] Varolan bir baðlantý uzaktaki bir ana bilgisayar tarafýndan zorla kapatýldý
2024-10-16 21:01:45,566 - ERROR - Exception : [WinError 10054] Varolan bir baðlantý uzaktaki bir ana bilgisayar tarafýndan zorla kapatýldý
2024-10-16 21:01:45,732 - ERROR - Exception : [WinError 10054] Varolan bir baðlantý uzaktaki bir ana bilgisayar tarafýndan zorla kapatýldý
2024-10-16 21:01:45,794 - ERROR - Exception : [WinError 10054] Varolan bir baðlantý uzaktaki bir ana bilgisayar tarafýndan zorla kapatýldý
2024-10-16 21:01:45,927 - ERROR - Exception : [WinError 10054] Varolan bir baðlantý uzaktaki bir ana bilgisayar tarafýndan zorla kapatýldý
2024-10-16 21:01:46,249 - ERROR - Exception : [WinError 10054] Varolan bir baðlantý uzaktaki bir ana bilgisayar tarafýndan zorla kapatýldý
2024-10-16 21:01:46,482 - ERROR - Exception : [WinError 10054] Varolan bir baðlantý uzaktaki bir ana bilgisayar tarafýndan zorla kapatýldý
2024-10-16 21:01:46,538 - ERROR - Exception : [WinError 10054] Varolan bir baðlantý uzaktaki bir ana bilgisayar tarafýndan zorla kapatýldý
2024-10-16 21:01:46,641 - ERROR - Exception : [WinError 10054] Varolan bir baðlantý uzaktaki bir ana bilgisayar tarafýndan zorla kapatýldý
2024-10-16 21:01:46,819 - ERROR - Exception : [WinError 10054] Varolan bir baðlantý uzaktaki bir ana bilgisayar tarafýndan zorla kapatýldý
2024-10-16 21:01:46,849 - ERROR - Exception : [WinError 10054] Varolan bir baðlantý uzaktaki bir ana bilgisayar tarafýndan zorla kapatýldý
2024-10-16 21:01:46,850 - ERROR - Exception : [WinError 10054] Varolan bir baðlantý uzaktaki bir ana bilgisayar tarafýndan zorla kapatýldý
2024-10-16 21:01:46,931 - ERROR - Exception : [WinError 10054] Varolan bir baðlantý uzaktaki bir ana bilgisayar tarafýndan zorla kapatýldý
2024-10-16 21:01:47,053 - ERROR - Exception : [WinError 10054] Varolan bir baðlantý uzaktaki bir ana bilgisayar tarafýndan zorla kapatýldý
2024-10-16 21:01:47,278 - ERROR - Exception : [WinError 10054] Varolan bir baðlantý uzaktaki bir ana bilgisayar tarafýndan zorla kapatýldý
2024-10-16 21:01:47,324 - ERROR - Exception : [WinError 10054] Varolan bir baðlantý uzaktaki bir ana bilgisayar tarafýndan zorla kapatýldý
2024-10-16 21:01:47,376 - ERROR - Exception : [WinError 10054] Varolan bir baðlantý uzaktaki bir ana bilgisayar tarafýndan zorla kapatýldý
2024-10-16 21:01:47,439 - ERROR - Exception : [WinError 10054] Varolan bir baðlantý uzaktaki bir ana bilgisayar tarafýndan zorla kapatýldý
2024-10-16 21:01:47,464 - ERROR - Exception : [WinError 10054] Varolan bir baðlantý uzaktaki bir ana bilgisayar tarafýndan zorla kapatýldý
2024-10-16 21:01:47,684 - ERROR - Exception : [WinError 10054] Varolan bir baðlantý uzaktaki bir ana bilgisayar tarafýndan zorla kapatýldý
2024-10-16 21:01:47,761 - ERROR - Exception : [WinError 10054] Varolan bir baðlantý uzaktaki bir ana bilgisayar tarafýndan zorla kapatýldý
2024-10-16 21:01:47,764 - ERROR - Exception : [WinError 10054] Varolan bir baðlantý uzaktaki bir ana bilgisayar tarafýndan zorla kapatýldý
2024-10-16 21:01:47,796 - ERROR - Exception : [WinError 10054] Varolan bir baðlantý uzaktaki bir ana bilgisayar tarafýndan zorla kapatýldý
2024-10-16 21:01:47,907 - ERROR - Exception : [WinError 10054] Varolan bir baðlantý uzaktaki bir ana bilgisayar tarafýndan zorla kapatýldý
2024-10-16 21:01:48,109 - ERROR - Exception : [WinError 10054] Varolan bir baðlantý uzaktaki bir ana bilgisayar tarafýndan zorla kapatýldý
2024-10-16 21:01:48,232 - ERROR - Exception : [WinError 10054] Varolan bir baðlantý uzaktaki bir ana bilgisayar tarafýndan zorla kapatýldý
2024-10-16 21:01:48,588 - ERROR - Exception : [WinError 10054] Varolan bir baðlantý uzaktaki bir ana bilgisayar tarafýndan zorla kapatýldý
2024-10-16 21:01:48,922 - ERROR - Exception : [WinError 10054] Varolan bir baðlantý uzaktaki bir ana bilgisayar tarafýndan zorla kapatýldý
2024-10-16 21:01:50,191 - ERROR - Exception : [WinError 10054] Varolan bir baðlantý uzaktaki bir ana bilgisayar tarafýndan zorla kapatýldý
2024-10-16 21:01:50,270 - ERROR - Exception : [WinError 10054] Varolan bir baðlantý uzaktaki bir ana bilgisayar tarafýndan zorla kapatýldý
2024-10-16 21:01:50,746 - ERROR - Exception : No entries found for the selected source(s).

>>> Last update of WHOIS database: 2024.10.17T00:01:42Z <<<

2024-10-16 21:01:50,849 - ERROR - Exception : [WinError 10054] Varolan bir baðlantý uzaktaki bir ana bilgisayar tarafýndan zorla kapatýldý
2024-10-16 21:01:50,897 - ERROR - Exception : No entries found for the selected source(s).

>>> Last update of WHOIS database: 2024.10.17T00:01:42Z <<<

2024-10-16 21:01:50,966 - ERROR - Exception : No entries found for the selected source(s).

>>> Last update of WHOIS database: 2024.10.17T00:01:42Z <<<

2024-10-16 21:01:51,312 - ERROR - Exception : [WinError 10054] Varolan bir baðlantý uzaktaki bir ana bilgisayar tarafýndan zorla kapatýldý
2024-10-16 21:01:51,364 - ERROR - Exception : [WinError 10054] Varolan bir baðlantý uzaktaki bir ana bilgisayar tarafýndan zorla kapatýldý
2024-10-16 21:01:51,364 - ERROR - Exception : [WinError 10054] Varolan bir baðlantý uzaktaki bir ana bilgisayar tarafýndan zorla kapatýldý
2024-10-16 21:01:51,591 - ERROR - Exception : No entries found for the selected source(s).

>>> Last update of WHOIS database: 2024.10.17T00:01:42Z <<<

2024-10-16 21:01:51,689 - ERROR - Exception : [WinError 10054] Varolan bir baðlantý uzaktaki bir ana bilgisayar tarafýndan zorla kapatýldý
2024-10-16 21:01:51,756 - ERROR - Exception : [WinError 10054] Varolan bir baðlantý uzaktaki bir ana bilgisayar tarafýndan zorla kapatýldý
2024-10-16 21:01:51,847 - ERROR - Exception : [WinError 10054] Varolan bir baðlantý uzaktaki bir ana bilgisayar tarafýndan zorla kapatýldý
2024-10-16 21:01:51,936 - ERROR - Exception : [WinError 10054] Varolan bir baðlantý uzaktaki bir ana bilgisayar tarafýndan zorla kapatýldý
2024-10-16 21:01:52,276 - ERROR - Exception : [WinError 10054] Varolan bir baðlantý uzaktaki bir ana bilgisayar tarafýndan zorla kapatýldý
2024-10-16 21:01:52,288 - ERROR - Exception : [WinError 10054] Varolan bir baðlantý uzaktaki bir ana bilgisayar tarafýndan zorla kapatýldý
2024-10-16 21:01:52,398 - ERROR - Exception : [WinError 10054] Varolan bir baðlantý uzaktaki bir ana bilgisayar tarafýndan zorla kapatýldý
2024-10-16 21:01:52,626 - ERROR - Exception : [WinError 10054] Varolan bir baðlantý uzaktaki bir ana bilgisayar tarafýndan zorla kapatýldý
2024-10-16 21:01:52,713 - ERROR - Exception : [WinError 10054] Varolan bir baðlantý uzaktaki bir ana bilgisayar tarafýndan zorla kapatýldý
2024-10-16 21:01:53,121 - ERROR - Exception : [WinError 10054] Varolan bir baðlantý uzaktaki bir ana bilgisayar tarafýndan zorla kapatýldý
2024-10-16 21:01:53,943 - ERROR - Exception : [WinError 10054] Varolan bir baðlantý uzaktaki bir ana bilgisayar tarafýndan zorla kapatýldý
2024-10-16 21:01:53,944 - ERROR - Exception : [WinError 10054] Varolan bir baðlantý uzaktaki bir ana bilgisayar tarafýndan zorla kapatýldý
2024-10-16 21:01:54,015 - ERROR - Exception : [WinError 10054] Varolan bir baðlantý uzaktaki bir ana bilgisayar tarafýndan zorla kapatýldý
2024-10-16 21:01:54,400 - ERROR - Exception : [WinError 10054] Varolan bir baðlantý uzaktaki bir ana bilgisayar tarafýndan zorla kapatýldý
2024-10-16 21:01:54,585 - ERROR - Exception : [WinError 10054] Varolan bir baðlantý uzaktaki bir ana bilgisayar tarafýndan zorla kapatýldý
2024-10-16 21:01:54,756 - ERROR - Exception : [WinError 10054] Varolan bir baðlantý uzaktaki bir ana bilgisayar tarafýndan zorla kapatýldý
2024-10-16 21:01:54,835 - ERROR - Exception : [WinError 10054] Varolan bir baðlantý uzaktaki bir ana bilgisayar tarafýndan zorla kapatýldý
2024-10-16 21:01:54,983 - ERROR - Exception : [WinError 10054] Varolan bir baðlantý uzaktaki bir ana bilgisayar tarafýndan zorla kapatýldý
2024-10-16 21:01:55,015 - ERROR - Exception : [WinError 10054] Varolan bir baðlantý uzaktaki bir ana bilgisayar tarafýndan zorla kapatýldý
2024-10-16 21:01:55,052 - ERROR - Exception : [WinError 10054] Varolan bir baðlantý uzaktaki bir ana bilgisayar tarafýndan zorla kapatýldý
2024-10-16 21:01:55,152 - ERROR - Exception : [WinError 10054] Varolan bir baðlantý uzaktaki bir ana bilgisayar tarafýndan zorla kapatýldý
2024-10-16 21:01:55,202 - ERROR - Exception : [WinError 10054] Varolan bir baðlantý uzaktaki bir ana bilgisayar tarafýndan zorla kapatýldý
2024-10-16 21:01:55,312 - ERROR - Exception : [WinError 10054] Varolan bir baðlantý uzaktaki bir ana bilgisayar tarafýndan zorla kapatýldý
2024-10-16 21:01:55,354 - ERROR - Exception : [WinError 10054] Varolan bir baðlantý uzaktaki bir ana bilgisayar tarafýndan zorla kapatýldý
2024-10-16 21:01:55,478 - ERROR - Exception : [WinError 10054] Varolan bir baðlantý uzaktaki bir ana bilgisayar tarafýndan zorla kapatýldý
2024-10-16 21:01:55,508 - ERROR - Exception : [WinError 10054] Varolan bir baðlantý uzaktaki bir ana bilgisayar tarafýndan zorla kapatýldý
2024-10-16 21:01:56,057 - ERROR - Exception : [WinError 10054] Varolan bir baðlantý uzaktaki bir ana bilgisayar tarafýndan zorla kapatýldý
2024-10-16 21:01:56,232 - ERROR - Exception : [WinError 10054] Varolan bir baðlantý uzaktaki bir ana bilgisayar tarafýndan zorla kapatýldý
2024-10-16 21:01:56,415 - ERROR - Exception : [WinError 10054] Varolan bir baðlantý uzaktaki bir ana bilgisayar tarafýndan zorla kapatýldý
2024-10-16 21:01:56,997 - ERROR - Exception : [WinError 10054] Varolan bir baðlantý uzaktaki bir ana bilgisayar tarafýndan zorla kapatýldý
2024-10-16 21:01:57,198 - ERROR - Exception : [WinError 10054] Varolan bir baðlantý uzaktaki bir ana bilgisayar tarafýndan zorla kapatýldý
2024-10-16 21:01:57,323 - ERROR - Exception : [WinError 10054] Varolan bir baðlantý uzaktaki bir ana bilgisayar tarafýndan zorla kapatýldý
2024-10-16 21:01:57,460 - ERROR - Exception : [WinError 10054] Varolan bir baðlantý uzaktaki bir ana bilgisayar tarafýndan zorla kapatýldý
2024-10-16 21:01:57,739 - ERROR - Exception : [WinError 10054] Varolan bir baðlantý uzaktaki bir ana bilgisayar tarafýndan zorla kapatýldý
2024-10-16 21:01:57,752 - ERROR - Exception : [WinError 10054] Varolan bir baðlantý uzaktaki bir ana bilgisayar tarafýndan zorla kapatýldý
2024-10-16 21:01:57,799 - ERROR - Exception : [WinError 10054] Varolan bir baðlantý uzaktaki bir ana bilgisayar tarafýndan zorla kapatýldý
2024-10-16 21:01:57,828 - ERROR - Exception : [WinError 10054] Varolan bir baðlantý uzaktaki bir ana bilgisayar tarafýndan zorla kapatýldý
2024-10-16 21:01:58,424 - ERROR - Exception : [WinError 10054] Varolan bir baðlantý uzaktaki bir ana bilgisayar tarafýndan zorla kapatýldý
2024-10-16 21:01:58,458 - ERROR - Exception : [WinError 10054] Varolan bir baðlantý uzaktaki bir ana bilgisayar tarafýndan zorla kapatýldý
2024-10-16 21:01:58,962 - ERROR - Exception : [WinError 10054] Varolan bir baðlantý uzaktaki bir ana bilgisayar tarafýndan zorla kapatýldý
2024-10-16 21:01:59,329 - ERROR - Exception : [WinError 10054] Varolan bir baðlantý uzaktaki bir ana bilgisayar tarafýndan zorla kapatýldý
2024-10-16 21:01:59,392 - ERROR - Exception : [WinError 10054] Varolan bir baðlantý uzaktaki bir ana bilgisayar tarafýndan zorla kapatýldý
2024-10-16 21:01:59,960 - ERROR - Exception : [WinError 10054] Varolan bir baðlantý uzaktaki bir ana bilgisayar tarafýndan zorla kapatýldý
2024-10-16 21:02:00,021 - ERROR - Exception : ('Connection aborted.', RemoteDisconnected('Remote end closed connection without response'))
2024-10-16 21:02:00,345 - ERROR - Exception : [WinError 10054] Varolan bir baðlantý uzaktaki bir ana bilgisayar tarafýndan zorla kapatýldý
2024-10-16 21:02:00,570 - ERROR - Exception : [WinError 10054] Varolan bir baðlantý uzaktaki bir ana bilgisayar tarafýndan zorla kapatýldý
2024-10-16 21:02:00,869 - ERROR - Exception : [WinError 10054] Varolan bir baðlantý uzaktaki bir ana bilgisayar tarafýndan zorla kapatýldý
2024-10-16 21:02:00,971 - ERROR - Exception : [WinError 10054] Varolan bir baðlantý uzaktaki bir ana bilgisayar tarafýndan zorla kapatýldý
2024-10-16 21:02:00,982 - ERROR - Exception : [WinError 10054] Varolan bir baðlantý uzaktaki bir ana bilgisayar tarafýndan zorla kapatýldý
2024-10-16 21:02:01,152 - ERROR - Exception : [WinError 10054] Varolan bir baðlantý uzaktaki bir ana bilgisayar tarafýndan zorla kapatýldý
2024-10-16 21:02:01,155 - ERROR - Exception : [WinError 10054] Varolan bir baðlantý uzaktaki bir ana bilgisayar tarafýndan zorla kapatýldý
2024-10-16 21:02:01,473 - ERROR - Exception : [WinError 10054] Varolan bir baðlantý uzaktaki bir ana bilgisayar tarafýndan zorla kapatýldý
2024-10-16 21:02:01,833 - ERROR - Exception : [WinError 10054] Varolan bir baðlantý uzaktaki bir ana bilgisayar tarafýndan zorla kapatýldý
2024-10-16 21:02:01,834 - ERROR - Exception : [WinError 10054] Varolan bir baðlantý uzaktaki bir ana bilgisayar tarafýndan zorla kapatýldý
2024-10-16 21:02:01,895 - ERROR - Exception : [WinError 10054] Varolan bir baðlantý uzaktaki bir ana bilgisayar tarafýndan zorla kapatýldý
2024-10-16 21:02:01,896 - ERROR - Exception : [WinError 10054] Varolan bir baðlantý uzaktaki bir ana bilgisayar tarafýndan zorla kapatýldý
2024-10-16 21:02:02,198 - ERROR - Exception : [WinError 10054] Varolan bir baðlantý uzaktaki bir ana bilgisayar tarafýndan zorla kapatýldý
2024-10-16 21:02:02,249 - ERROR - Exception : [WinError 10054] Varolan bir baðlantý uzaktaki bir ana bilgisayar tarafýndan zorla kapatýldý
2024-10-16 21:02:02,630 - ERROR - Exception : [WinError 10054] Varolan bir baðlantý uzaktaki bir ana bilgisayar tarafýndan zorla kapatýldý
2024-10-16 21:02:02,998 - ERROR - Exception : [WinError 10054] Varolan bir baðlantý uzaktaki bir ana bilgisayar tarafýndan zorla kapatýldý
2024-10-16 21:02:03,093 - ERROR - Exception : [WinError 10054] Varolan bir baðlantý uzaktaki bir ana bilgisayar tarafýndan zorla kapatýldý
2024-10-16 21:02:03,527 - ERROR - Exception : [WinError 10054] Varolan bir baðlantý uzaktaki bir ana bilgisayar tarafýndan zorla kapatýldý
2024-10-16 21:02:03,528 - ERROR - Exception : [WinError 10054] Varolan bir baðlantý uzaktaki bir ana bilgisayar tarafýndan zorla kapatýldý
2024-10-16 21:02:03,717 - ERROR - Exception : [WinError 10054] Varolan bir baðlantý uzaktaki bir ana bilgisayar tarafýndan zorla kapatýldý
2024-10-16 21:02:03,810 - ERROR - Exception : [WinError 10054] Varolan bir baðlantý uzaktaki bir ana bilgisayar tarafýndan zorla kapatýldý
2024-10-16 21:02:04,512 - ERROR - Exception : [WinError 10054] Varolan bir baðlantý uzaktaki bir ana bilgisayar tarafýndan zorla kapatýldý
2024-10-16 21:02:04,928 - ERROR - Exception : [WinError 10054] Varolan bir baðlantý uzaktaki bir ana bilgisayar tarafýndan zorla kapatýldý
2024-10-16 21:02:05,045 - ERROR - Exception : [WinError 10054] Varolan bir baðlantý uzaktaki bir ana bilgisayar tarafýndan zorla kapatýldý
2024-10-16 21:02:05,326 - ERROR - Exception : [WinError 10054] Varolan bir baðlantý uzaktaki bir ana bilgisayar tarafýndan zorla kapatýldý
2024-10-16 21:02:05,622 - ERROR - Exception : [WinError 10054] Varolan bir baðlantý uzaktaki bir ana bilgisayar tarafýndan zorla kapatýldý
2024-10-16 21:02:05,876 - ERROR - Exception : [WinError 10054] Varolan bir baðlantý uzaktaki bir ana bilgisayar tarafýndan zorla kapatýldý
2024-10-16 21:02:05,885 - ERROR - Exception : [WinError 10054] Varolan bir baðlantý uzaktaki bir ana bilgisayar tarafýndan zorla kapatýldý
2024-10-16 21:02:05,949 - ERROR - Exception : [WinError 10054] Varolan bir baðlantý uzaktaki bir ana bilgisayar tarafýndan zorla kapatýldý
2024-10-16 21:02:06,243 - ERROR - Exception : [WinError 10054] Varolan bir baðlantý uzaktaki bir ana bilgisayar tarafýndan zorla kapatýldý
2024-10-16 21:02:06,420 - ERROR - Exception : [WinError 10054] Varolan bir baðlantý uzaktaki bir ana bilgisayar tarafýndan zorla kapatýldý
2024-10-16 21:02:06,613 - ERROR - Exception : [WinError 10054] Varolan bir baðlantý uzaktaki bir ana bilgisayar tarafýndan zorla kapatýldý
2024-10-16 21:02:07,121 - ERROR - Exception : [WinError 10054] Varolan bir baðlantý uzaktaki bir ana bilgisayar tarafýndan zorla kapatýldý
2024-10-16 21:02:07,519 - ERROR - Exception : [WinError 10054] Varolan bir baðlantý uzaktaki bir ana bilgisayar tarafýndan zorla kapatýldý
2024-10-16 21:02:07,965 - ERROR - Exception : [WinError 10054] Varolan bir baðlantý uzaktaki bir ana bilgisayar tarafýndan zorla kapatýldý
2024-10-16 21:02:08,344 - ERROR - Exception : [WinError 10054] Varolan bir baðlantý uzaktaki bir ana bilgisayar tarafýndan zorla kapatýldý
2024-10-16 21:02:08,531 - ERROR - Exception : [WinError 10054] Varolan bir baðlantý uzaktaki bir ana bilgisayar tarafýndan zorla kapatýldý
2024-10-16 21:02:08,707 - ERROR - Exception : [WinError 10054] Varolan bir baðlantý uzaktaki bir ana bilgisayar tarafýndan zorla kapatýldý
2024-10-16 21:02:08,746 - ERROR - Exception : [WinError 10054] Varolan bir baðlantý uzaktaki bir ana bilgisayar tarafýndan zorla kapatýldý
2024-10-16 21:02:09,120 - ERROR - Exception : [WinError 10054] Varolan bir baðlantý uzaktaki bir ana bilgisayar tarafýndan zorla kapatýldý
2024-10-16 21:02:09,195 - ERROR - Exception : [WinError 10054] Varolan bir baðlantý uzaktaki bir ana bilgisayar tarafýndan zorla kapatýldý
2024-10-16 21:02:09,315 - ERROR - Exception : [WinError 10054] Varolan bir baðlantý uzaktaki bir ana bilgisayar tarafýndan zorla kapatýldý
2024-10-16 21:02:09,454 - ERROR - Exception : [WinError 10054] Varolan bir baðlantý uzaktaki bir ana bilgisayar tarafýndan zorla kapatýldý
2024-10-16 21:02:09,763 - ERROR - Exception : [WinError 10054] Varolan bir baðlantý uzaktaki bir ana bilgisayar tarafýndan zorla kapatýldý
2024-10-16 21:02:09,772 - ERROR - Exception : [WinError 10054] Varolan bir baðlantý uzaktaki bir ana bilgisayar tarafýndan zorla kapatýldý
2024-10-16 21:02:09,951 - ERROR - Exception : [WinError 10054] Varolan bir baðlantý uzaktaki bir ana bilgisayar tarafýndan zorla kapatýldý
2024-10-16 21:02:09,952 - ERROR - Exception : [WinError 10054] Varolan bir baðlantý uzaktaki bir ana bilgisayar tarafýndan zorla kapatýldý
2024-10-16 21:02:10,144 - ERROR - Exception : [WinError 10054] Varolan bir baðlantý uzaktaki bir ana bilgisayar tarafýndan zorla kapatýldý
2024-10-16 21:02:10,322 - ERROR - Exception : [WinError 10054] Varolan bir baðlantý uzaktaki bir ana bilgisayar tarafýndan zorla kapatýldý
2024-10-16 21:02:10,894 - ERROR - Exception : [WinError 10054] Varolan bir baðlantý uzaktaki bir ana bilgisayar tarafýndan zorla kapatýldý
2024-10-16 21:02:10,923 - ERROR - Exception : [WinError 10054] Varolan bir baðlantý uzaktaki bir ana bilgisayar tarafýndan zorla kapatýldý
2024-10-16 21:02:10,923 - ERROR - Exception : [WinError 10054] Varolan bir baðlantý uzaktaki bir ana bilgisayar tarafýndan zorla kapatýldý
2024-10-16 21:02:11,034 - ERROR - Exception : [WinError 10054] Varolan bir baðlantý uzaktaki bir ana bilgisayar tarafýndan zorla kapatýldý
2024-10-16 21:02:11,049 - ERROR - Exception : [WinError 10054] Varolan bir baðlantý uzaktaki bir ana bilgisayar tarafýndan zorla kapatýldý
2024-10-16 21:02:11,102 - ERROR - Exception : [WinError 10054] Varolan bir baðlantý uzaktaki bir ana bilgisayar tarafýndan zorla kapatýldý
2024-10-16 21:02:11,498 - ERROR - Exception : [WinError 10054] Varolan bir baðlantý uzaktaki bir ana bilgisayar tarafýndan zorla kapatýldý
2024-10-16 21:02:11,696 - ERROR - Exception : [WinError 10054] Varolan bir baðlantý uzaktaki bir ana bilgisayar tarafýndan zorla kapatýldý
2024-10-16 21:02:11,910 - ERROR - Exception : [WinError 10054] Varolan bir baðlantý uzaktaki bir ana bilgisayar tarafýndan zorla kapatýldý
2024-10-16 21:02:12,256 - ERROR - Exception : [WinError 10054] Varolan bir baðlantý uzaktaki bir ana bilgisayar tarafýndan zorla kapatýldý
2024-10-16 21:02:12,371 - ERROR - Exception : [WinError 10054] Varolan bir baðlantý uzaktaki bir ana bilgisayar tarafýndan zorla kapatýldý
2024-10-16 21:02:12,709 - ERROR - Exception : [WinError 10054] Varolan bir baðlantý uzaktaki bir ana bilgisayar tarafýndan zorla kapatýldý
2024-10-16 21:02:12,754 - ERROR - Exception : HTTPSConnectionPool(host='www.gamestop.com', port=443): Read timed out. (read timeout=12)
2024-10-16 21:02:12,769 - ERROR - Exception : [WinError 10054] Varolan bir baðlantý uzaktaki bir ana bilgisayar tarafýndan zorla kapatýldý
2024-10-16 21:02:13,005 - ERROR - Exception : [WinError 10054] Varolan bir baðlantý uzaktaki bir ana bilgisayar tarafýndan zorla kapatýldý
2024-10-16 21:02:13,937 - ERROR - Exception : [WinError 10054] Varolan bir baðlantý uzaktaki bir ana bilgisayar tarafýndan zorla kapatýldý
2024-10-16 21:02:14,007 - ERROR - Exception : [WinError 10054] Varolan bir baðlantý uzaktaki bir ana bilgisayar tarafýndan zorla kapatýldý
2024-10-16 21:02:14,009 - ERROR - Exception : [WinError 10054] Varolan bir baðlantý uzaktaki bir ana bilgisayar tarafýndan zorla kapatýldý
2024-10-16 21:02:14,059 - ERROR - Exception : [WinError 10054] Varolan bir baðlantý uzaktaki bir ana bilgisayar tarafýndan zorla kapatýldý
2024-10-16 21:02:14,262 - ERROR - Exception : [WinError 10054] Varolan bir baðlantý uzaktaki bir ana bilgisayar tarafýndan zorla kapatýldý
2024-10-16 21:02:14,452 - ERROR - Exception : [WinError 10054] Varolan bir baðlantý uzaktaki bir ana bilgisayar tarafýndan zorla kapatýldý
2024-10-16 21:02:14,662 - ERROR - Exception : [WinError 10054] Varolan bir baðlantý uzaktaki bir ana bilgisayar tarafýndan zorla kapatýldý
2024-10-16 21:02:14,817 - ERROR - Exception : [WinError 10054] Varolan bir baðlantý uzaktaki bir ana bilgisayar tarafýndan zorla kapatýldý
2024-10-16 21:02:15,863 - ERROR - Exception : [WinError 10054] Varolan bir baðlantý uzaktaki bir ana bilgisayar tarafýndan zorla kapatýldý
2024-10-16 21:02:15,901 - ERROR - Exception : [WinError 10054] Varolan bir baðlantý uzaktaki bir ana bilgisayar tarafýndan zorla kapatýldý
2024-10-16 21:02:15,902 - ERROR - Exception : [WinError 10054] Varolan bir baðlantý uzaktaki bir ana bilgisayar tarafýndan zorla kapatýldý
2024-10-16 21:02:15,905 - ERROR - Exception : [WinError 10054] Varolan bir baðlantý uzaktaki bir ana bilgisayar tarafýndan zorla kapatýldý
2024-10-16 21:02:16,420 - ERROR - Exception : [WinError 10054] Varolan bir baðlantý uzaktaki bir ana bilgisayar tarafýndan zorla kapatýldý
2024-10-16 21:02:16,422 - ERROR - Exception : [WinError 10054] Varolan bir baðlantý uzaktaki bir ana bilgisayar tarafýndan zorla kapatýldý
2024-10-16 21:02:16,639 - ERROR - Exception : [WinError 10054] Varolan bir baðlantý uzaktaki bir ana bilgisayar tarafýndan zorla kapatýldý
2024-10-16 21:02:16,769 - ERROR - Exception : [WinError 10054] Varolan bir baðlantý uzaktaki bir ana bilgisayar tarafýndan zorla kapatýldý
2024-10-16 21:02:16,850 - ERROR - Exception : [WinError 10054] Varolan bir baðlantý uzaktaki bir ana bilgisayar tarafýndan zorla kapatýldý
2024-10-16 21:02:17,135 - ERROR - Exception : [WinError 10054] Varolan bir baðlantý uzaktaki bir ana bilgisayar tarafýndan zorla kapatýldý
2024-10-16 21:02:17,149 - ERROR - Exception : [WinError 10054] Varolan bir baðlantý uzaktaki bir ana bilgisayar tarafýndan zorla kapatýldý
2024-10-16 21:02:17,467 - ERROR - Exception : [WinError 10054] Varolan bir baðlantý uzaktaki bir ana bilgisayar tarafýndan zorla kapatýldý
2024-10-16 21:02:17,630 - ERROR - Exception : [WinError 10054] Varolan bir baðlantý uzaktaki bir ana bilgisayar tarafýndan zorla kapatýldý
2024-10-16 21:02:17,781 - ERROR - Exception : [WinError 10054] Varolan bir baðlantý uzaktaki bir ana bilgisayar tarafýndan zorla kapatýldý
2024-10-16 21:02:17,859 - ERROR - Exception : [WinError 10054] Varolan bir baðlantý uzaktaki bir ana bilgisayar tarafýndan zorla kapatýldý
2024-10-16 21:02:18,532 - ERROR - Exception : [WinError 10054] Varolan bir baðlantý uzaktaki bir ana bilgisayar tarafýndan zorla kapatýldý
2024-10-16 21:02:18,578 - ERROR - Exception : [WinError 10054] Varolan bir baðlantý uzaktaki bir ana bilgisayar tarafýndan zorla kapatýldý
2024-10-16 21:02:18,962 - ERROR - Exception : [WinError 10054] Varolan bir baðlantý uzaktaki bir ana bilgisayar tarafýndan zorla kapatýldý
2024-10-16 21:02:19,066 - ERROR - Exception : [WinError 10054] Varolan bir baðlantý uzaktaki bir ana bilgisayar tarafýndan zorla kapatýldý
2024-10-16 21:02:19,736 - ERROR - Exception : [WinError 10054] Varolan bir baðlantý uzaktaki bir ana bilgisayar tarafýndan zorla kapatýldý
2024-10-16 21:02:19,763 - ERROR - Exception : [WinError 10054] Varolan bir baðlantý uzaktaki bir ana bilgisayar tarafýndan zorla kapatýldý
2024-10-16 21:02:22,237 - ERROR - Exception : HTTPSConnectionPool(host='itchanatchones.com', port=443): Read timed out. (read timeout=12)
2024-10-16 21:02:22,237 - INFO - Skipping https://itchanatchones.com due to being N/A for some features.
2024-10-16 21:02:24,630 - ERROR - Exception : [WinError 10054] Varolan bir baðlantý uzaktaki bir ana bilgisayar tarafýndan zorla kapatýldý
2024-10-16 21:02:24,652 - ERROR - Exception : [WinError 10054] Varolan bir baðlantý uzaktaki bir ana bilgisayar tarafýndan zorla kapatýldý
2024-10-16 21:02:25,172 - ERROR - Exception : [WinError 10054] Varolan bir baðlantý uzaktaki bir ana bilgisayar tarafýndan zorla kapatýldý
2024-10-16 21:02:25,358 - ERROR - Exception : [WinError 10054] Varolan bir baðlantý uzaktaki bir ana bilgisayar tarafýndan zorla kapatýldý
2024-10-16 21:02:25,358 - ERROR - Exception : [WinError 10054] Varolan bir baðlantý uzaktaki bir ana bilgisayar tarafýndan zorla kapatýldý
2024-10-16 21:02:25,367 - ERROR - Exception : [WinError 10054] Varolan bir baðlantý uzaktaki bir ana bilgisayar tarafýndan zorla kapatýldý
2024-10-16 21:02:25,800 - ERROR - Exception : [WinError 10054] Varolan bir baðlantý uzaktaki bir ana bilgisayar tarafýndan zorla kapatýldý
2024-10-16 21:02:25,807 - ERROR - Exception : [WinError 10054] Varolan bir baðlantý uzaktaki bir ana bilgisayar tarafýndan zorla kapatýldý
2024-10-16 21:02:26,008 - ERROR - Exception : [WinError 10054] Varolan bir baðlantý uzaktaki bir ana bilgisayar tarafýndan zorla kapatýldý
2024-10-16 21:02:26,043 - ERROR - Exception : [WinError 10054] Varolan bir baðlantý uzaktaki bir ana bilgisayar tarafýndan zorla kapatýldý
2024-10-16 21:02:26,180 - ERROR - Exception : [WinError 10054] Varolan bir baðlantý uzaktaki bir ana bilgisayar tarafýndan zorla kapatýldý
2024-10-16 21:02:26,180 - ERROR - Exception : [WinError 10054] Varolan bir baðlantý uzaktaki bir ana bilgisayar tarafýndan zorla kapatýldý
2024-10-16 21:02:26,181 - ERROR - Exception : [WinError 10054] Varolan bir baðlantý uzaktaki bir ana bilgisayar tarafýndan zorla kapatýldý
2024-10-16 21:02:26,200 - ERROR - Exception : [WinError 10054] Varolan bir baðlantý uzaktaki bir ana bilgisayar tarafýndan zorla kapatýldý
2024-10-16 21:02:26,202 - ERROR - Exception : [WinError 10054] Varolan bir baðlantý uzaktaki bir ana bilgisayar tarafýndan zorla kapatýldý
2024-10-16 21:02:26,920 - ERROR - Exception : [WinError 10054] Varolan bir baðlantý uzaktaki bir ana bilgisayar tarafýndan zorla kapatýldý
2024-10-16 21:02:27,286 - ERROR - Exception : [WinError 10054] Varolan bir baðlantý uzaktaki bir ana bilgisayar tarafýndan zorla kapatýldý
2024-10-16 21:02:27,733 - ERROR - Exception : [WinError 10054] Varolan bir baðlantý uzaktaki bir ana bilgisayar tarafýndan zorla kapatýldý
2024-10-16 21:02:27,873 - ERROR - Exception : [WinError 10054] Varolan bir baðlantý uzaktaki bir ana bilgisayar tarafýndan zorla kapatýldý
2024-10-16 21:02:28,227 - ERROR - Exception : [WinError 10054] Varolan bir baðlantý uzaktaki bir ana bilgisayar tarafýndan zorla kapatýldý
2024-10-16 21:02:28,256 - ERROR - Exception : [WinError 10054] Varolan bir baðlantý uzaktaki bir ana bilgisayar tarafýndan zorla kapatýldý
2024-10-16 21:02:28,490 - ERROR - Exception : [WinError 10054] Varolan bir baðlantý uzaktaki bir ana bilgisayar tarafýndan zorla kapatýldý
2024-10-16 21:02:28,548 - ERROR - Exception : [WinError 10054] Varolan bir baðlantý uzaktaki bir ana bilgisayar tarafýndan zorla kapatýldý
2024-10-16 21:02:28,686 - ERROR - Exception : [WinError 10054] Varolan bir baðlantý uzaktaki bir ana bilgisayar tarafýndan zorla kapatýldý
2024-10-16 21:02:28,703 - ERROR - Exception : [WinError 10054] Varolan bir baðlantý uzaktaki bir ana bilgisayar tarafýndan zorla kapatýldý
2024-10-16 21:02:28,842 - ERROR - Exception : [WinError 10054] Varolan bir baðlantý uzaktaki bir ana bilgisayar tarafýndan zorla kapatýldý
2024-10-16 21:02:29,153 - ERROR - Exception : [WinError 10054] Varolan bir baðlantý uzaktaki bir ana bilgisayar tarafýndan zorla kapatýldý
2024-10-16 21:02:29,156 - ERROR - Exception : [WinError 10054] Varolan bir baðlantý uzaktaki bir ana bilgisayar tarafýndan zorla kapatýldý
2024-10-16 21:02:30,051 - ERROR - Exception : [WinError 10054] Varolan bir baðlantý uzaktaki bir ana bilgisayar tarafýndan zorla kapatýldý
2024-10-16 21:02:30,101 - ERROR - Exception : [WinError 10054] Varolan bir baðlantý uzaktaki bir ana bilgisayar tarafýndan zorla kapatýldý
2024-10-16 21:02:30,392 - ERROR - Exception : [WinError 10054] Varolan bir baðlantý uzaktaki bir ana bilgisayar tarafýndan zorla kapatýldý
2024-10-16 21:02:30,393 - ERROR - Exception : [WinError 10054] Varolan bir baðlantý uzaktaki bir ana bilgisayar tarafýndan zorla kapatýldý
2024-10-16 21:02:30,448 - ERROR - Exception : [WinError 10054] Varolan bir baðlantý uzaktaki bir ana bilgisayar tarafýndan zorla kapatýldý
2024-10-16 21:02:30,484 - ERROR - Exception : [WinError 10054] Varolan bir baðlantý uzaktaki bir ana bilgisayar tarafýndan zorla kapatýldý
2024-10-16 21:02:30,491 - ERROR - Exception : [WinError 10054] Varolan bir baðlantý uzaktaki bir ana bilgisayar tarafýndan zorla kapatýldý
2024-10-16 21:02:30,574 - ERROR - Exception : [WinError 10054] Varolan bir baðlantý uzaktaki bir ana bilgisayar tarafýndan zorla kapatýldý
2024-10-16 21:02:30,604 - ERROR - Exception : [WinError 10054] Varolan bir baðlantý uzaktaki bir ana bilgisayar tarafýndan zorla kapatýldý
2024-10-16 21:02:30,711 - ERROR - Exception : [WinError 10054] Varolan bir baðlantý uzaktaki bir ana bilgisayar tarafýndan zorla kapatýldý
2024-10-16 21:02:30,759 - ERROR - Exception : [WinError 10054] Varolan bir baðlantý uzaktaki bir ana bilgisayar tarafýndan zorla kapatýldý
2024-10-16 21:02:30,793 - ERROR - Exception : 502 Server Error: Bad Gateway for url: http://www.jeuxdegta.com/
2024-10-16 21:02:30,822 - INFO - Skipping https://jeuxdegta.com due to being N/A for some features.
2024-10-16 21:02:31,340 - ERROR - Exception : [WinError 10054] Varolan bir baðlantý uzaktaki bir ana bilgisayar tarafýndan zorla kapatýldý
2024-10-16 21:02:31,509 - ERROR - Exception : [WinError 10054] Varolan bir baðlantý uzaktaki bir ana bilgisayar tarafýndan zorla kapatýldý
2024-10-16 21:02:32,338 - ERROR - Exception : [WinError 10054] Varolan bir baðlantý uzaktaki bir ana bilgisayar tarafýndan zorla kapatýldý
2024-10-16 21:02:32,338 - ERROR - Exception : [WinError 10054] Varolan bir baðlantý uzaktaki bir ana bilgisayar tarafýndan zorla kapatýldý
2024-10-16 21:02:32,506 - ERROR - Exception : [WinError 10054] Varolan bir baðlantý uzaktaki bir ana bilgisayar tarafýndan zorla kapatýldý
2024-10-16 21:02:33,572 - ERROR - Exception : [WinError 10054] Varolan bir baðlantý uzaktaki bir ana bilgisayar tarafýndan zorla kapatýldý
2024-10-16 21:02:35,179 - ERROR - Exception : timed out
2024-10-16 21:02:35,886 - ERROR - Exception : [WinError 10054] Varolan bir baðlantý uzaktaki bir ana bilgisayar tarafýndan zorla kapatýldý
2024-10-16 21:02:35,945 - ERROR - Exception : [WinError 10054] Varolan bir baðlantý uzaktaki bir ana bilgisayar tarafýndan zorla kapatýldý
2024-10-16 21:02:35,965 - ERROR - Exception : [WinError 10054] Varolan bir baðlantý uzaktaki bir ana bilgisayar tarafýndan zorla kapatýldý
2024-10-16 21:02:36,255 - ERROR - Exception : [WinError 10054] Varolan bir baðlantý uzaktaki bir ana bilgisayar tarafýndan zorla kapatýldý
2024-10-16 21:02:36,367 - ERROR - Exception : timed out
2024-10-16 21:02:36,633 - ERROR - Exception : [WinError 10054] Varolan bir baðlantý uzaktaki bir ana bilgisayar tarafýndan zorla kapatýldý
2024-10-16 21:02:36,802 - ERROR - Exception : [WinError 10054] Varolan bir baðlantý uzaktaki bir ana bilgisayar tarafýndan zorla kapatýldý
2024-10-16 21:02:37,113 - ERROR - Exception : [WinError 10054] Varolan bir baðlantý uzaktaki bir ana bilgisayar tarafýndan zorla kapatýldý
2024-10-16 21:02:37,802 - ERROR - Exception : [WinError 10054] Varolan bir baðlantý uzaktaki bir ana bilgisayar tarafýndan zorla kapatýldý
2024-10-16 21:02:39,354 - ERROR - Exception : [WinError 10054] Varolan bir baðlantý uzaktaki bir ana bilgisayar tarafýndan zorla kapatýldý
2024-10-16 21:02:39,446 - ERROR - Exception : [WinError 10054] Varolan bir baðlantý uzaktaki bir ana bilgisayar tarafýndan zorla kapatýldý
2024-10-16 21:02:39,654 - ERROR - Exception : [WinError 10054] Varolan bir baðlantý uzaktaki bir ana bilgisayar tarafýndan zorla kapatýldý
2024-10-16 21:02:39,878 - ERROR - Exception : [WinError 10054] Varolan bir baðlantý uzaktaki bir ana bilgisayar tarafýndan zorla kapatýldý
2024-10-16 21:02:39,956 - ERROR - Exception : [WinError 10054] Varolan bir baðlantý uzaktaki bir ana bilgisayar tarafýndan zorla kapatýldý
2024-10-16 21:02:40,927 - ERROR - Exception : [WinError 10054] Varolan bir baðlantý uzaktaki bir ana bilgisayar tarafýndan zorla kapatýldý
2024-10-16 21:02:41,158 - ERROR - Exception : [WinError 10054] Varolan bir baðlantý uzaktaki bir ana bilgisayar tarafýndan zorla kapatýldý
2024-10-16 21:02:41,167 - ERROR - Exception : [WinError 10054] Varolan bir baðlantý uzaktaki bir ana bilgisayar tarafýndan zorla kapatýldý
2024-10-16 21:02:41,435 - ERROR - Exception : [WinError 10054] Varolan bir baðlantý uzaktaki bir ana bilgisayar tarafýndan zorla kapatýldý
2024-10-16 21:02:41,552 - ERROR - Exception : HTTPSConnectionPool(host='java4fun.com', port=443): Read timed out. (read timeout=12)
2024-10-16 21:02:42,008 - ERROR - Exception : [WinError 10054] Varolan bir baðlantý uzaktaki bir ana bilgisayar tarafýndan zorla kapatýldý
2024-10-16 21:02:42,355 - ERROR - Exception : [WinError 10054] Varolan bir baðlantý uzaktaki bir ana bilgisayar tarafýndan zorla kapatýldý
2024-10-16 21:02:42,383 - ERROR - Exception : [WinError 10054] Varolan bir baðlantý uzaktaki bir ana bilgisayar tarafýndan zorla kapatýldý
2024-10-16 21:02:42,393 - ERROR - Exception : [WinError 10054] Varolan bir baðlantý uzaktaki bir ana bilgisayar tarafýndan zorla kapatýldý
2024-10-16 21:02:42,478 - ERROR - Exception : [WinError 10054] Varolan bir baðlantý uzaktaki bir ana bilgisayar tarafýndan zorla kapatýldý
2024-10-16 21:02:42,651 - ERROR - Exception : [WinError 10054] Varolan bir baðlantý uzaktaki bir ana bilgisayar tarafýndan zorla kapatýldý
2024-10-16 21:02:42,652 - ERROR - Exception : [WinError 10054] Varolan bir baðlantý uzaktaki bir ana bilgisayar tarafýndan zorla kapatýldý
2024-10-16 21:02:42,700 - ERROR - Exception : [WinError 10054] Varolan bir baðlantý uzaktaki bir ana bilgisayar tarafýndan zorla kapatýldý
2024-10-16 21:02:42,707 - ERROR - Exception : [WinError 10054] Varolan bir baðlantý uzaktaki bir ana bilgisayar tarafýndan zorla kapatýldý
2024-10-16 21:02:42,750 - ERROR - Exception : [WinError 10054] Varolan bir baðlantý uzaktaki bir ana bilgisayar tarafýndan zorla kapatýldý
2024-10-16 21:02:42,761 - ERROR - Exception : [WinError 10054] Varolan bir baðlantý uzaktaki bir ana bilgisayar tarafýndan zorla kapatýldý
2024-10-16 21:02:42,804 - ERROR - Exception : [WinError 10054] Varolan bir baðlantý uzaktaki bir ana bilgisayar tarafýndan zorla kapatýldý
2024-10-16 21:02:42,934 - ERROR - Exception : [WinError 10054] Varolan bir baðlantý uzaktaki bir ana bilgisayar tarafýndan zorla kapatýldý
2024-10-16 21:02:43,050 - ERROR - Exception : [WinError 10054] Varolan bir baðlantý uzaktaki bir ana bilgisayar tarafýndan zorla kapatýldý
2024-10-16 21:02:43,067 - ERROR - Exception : [WinError 10054] Varolan bir baðlantý uzaktaki bir ana bilgisayar tarafýndan zorla kapatýldý
2024-10-16 21:02:43,136 - ERROR - Exception : [WinError 10054] Varolan bir baðlantý uzaktaki bir ana bilgisayar tarafýndan zorla kapatýldý
2024-10-16 21:02:43,182 - ERROR - Exception : [WinError 10054] Varolan bir baðlantý uzaktaki bir ana bilgisayar tarafýndan zorla kapatýldý
2024-10-16 21:02:43,265 - ERROR - Exception : [WinError 10054] Varolan bir baðlantý uzaktaki bir ana bilgisayar tarafýndan zorla kapatýldý
2024-10-16 21:02:43,582 - ERROR - Exception : [WinError 10054] Varolan bir baðlantý uzaktaki bir ana bilgisayar tarafýndan zorla kapatýldý
2024-10-16 21:02:43,590 - ERROR - Exception : [WinError 10054] Varolan bir baðlantý uzaktaki bir ana bilgisayar tarafýndan zorla kapatýldý
2024-10-16 21:02:44,145 - ERROR - Exception : [WinError 10054] Varolan bir baðlantý uzaktaki bir ana bilgisayar tarafýndan zorla kapatýldý
2024-10-16 21:02:44,653 - ERROR - Exception : [WinError 10054] Varolan bir baðlantý uzaktaki bir ana bilgisayar tarafýndan zorla kapatýldý
2024-10-16 21:02:45,186 - ERROR - Exception : [WinError 10054] Varolan bir baðlantý uzaktaki bir ana bilgisayar tarafýndan zorla kapatýldý
2024-10-16 21:02:45,253 - ERROR - Exception : [WinError 10054] Varolan bir baðlantý uzaktaki bir ana bilgisayar tarafýndan zorla kapatýldý
2024-10-16 21:02:45,810 - ERROR - Exception : [WinError 10054] Varolan bir baðlantý uzaktaki bir ana bilgisayar tarafýndan zorla kapatýldý
2024-10-16 21:02:45,843 - ERROR - Exception : [WinError 10054] Varolan bir baðlantý uzaktaki bir ana bilgisayar tarafýndan zorla kapatýldý
2024-10-16 21:02:45,921 - ERROR - Exception : [WinError 10054] Varolan bir baðlantý uzaktaki bir ana bilgisayar tarafýndan zorla kapatýldý
2024-10-16 21:02:45,922 - ERROR - Exception : [WinError 10054] Varolan bir baðlantý uzaktaki bir ana bilgisayar tarafýndan zorla kapatýldý
2024-10-16 21:02:46,583 - ERROR - Exception : [WinError 10054] Varolan bir baðlantý uzaktaki bir ana bilgisayar tarafýndan zorla kapatýldý
2024-10-16 21:02:46,598 - ERROR - Exception : [WinError 10054] Varolan bir baðlantý uzaktaki bir ana bilgisayar tarafýndan zorla kapatýldý
2024-10-16 21:02:46,606 - ERROR - Exception : ('Connection aborted.', RemoteDisconnected('Remote end closed connection without response'))
2024-10-16 21:02:46,652 - ERROR - Exception : [WinError 10054] Varolan bir baðlantý uzaktaki bir ana bilgisayar tarafýndan zorla kapatýldý
2024-10-16 21:02:47,077 - ERROR - Exception : [WinError 10054] Varolan bir baðlantý uzaktaki bir ana bilgisayar tarafýndan zorla kapatýldý
2024-10-16 21:02:47,137 - ERROR - Exception : [WinError 10054] Varolan bir baðlantý uzaktaki bir ana bilgisayar tarafýndan zorla kapatýldý
2024-10-16 21:02:47,638 - ERROR - Exception : [WinError 10054] Varolan bir baðlantý uzaktaki bir ana bilgisayar tarafýndan zorla kapatýldý
2024-10-16 21:02:47,657 - ERROR - Exception : ('Connection aborted.', RemoteDisconnected('Remote end closed connection without response'))
2024-10-16 21:02:47,813 - ERROR - Exception : [WinError 10054] Varolan bir baðlantý uzaktaki bir ana bilgisayar tarafýndan zorla kapatýldý
2024-10-16 21:02:47,982 - ERROR - Exception : [WinError 10054] Varolan bir baðlantý uzaktaki bir ana bilgisayar tarafýndan zorla kapatýldý
2024-10-16 21:02:47,987 - ERROR - Exception : [WinError 10054] Varolan bir baðlantý uzaktaki bir ana bilgisayar tarafýndan zorla kapatýldý
2024-10-16 21:02:48,265 - ERROR - Exception : ('Connection aborted.', RemoteDisconnected('Remote end closed connection without response'))
2024-10-16 21:02:48,729 - ERROR - Exception : [WinError 10054] Varolan bir baðlantý uzaktaki bir ana bilgisayar tarafýndan zorla kapatýldý
2024-10-16 21:02:50,184 - ERROR - Exception : [WinError 10054] Varolan bir baðlantý uzaktaki bir ana bilgisayar tarafýndan zorla kapatýldý
2024-10-16 21:02:50,195 - ERROR - Exception : [WinError 10054] Varolan bir baðlantý uzaktaki bir ana bilgisayar tarafýndan zorla kapatýldý
2024-10-16 21:02:50,568 - ERROR - Exception : [WinError 10054] Varolan bir baðlantý uzaktaki bir ana bilgisayar tarafýndan zorla kapatýldý
2024-10-16 21:02:50,746 - ERROR - Exception : [WinError 10054] Varolan bir baðlantý uzaktaki bir ana bilgisayar tarafýndan zorla kapatýldý
2024-10-16 21:02:50,874 - ERROR - Exception : [WinError 10054] Varolan bir baðlantý uzaktaki bir ana bilgisayar tarafýndan zorla kapatýldý
2024-10-16 21:02:51,032 - ERROR - Exception : timed out
2024-10-16 21:02:51,126 - ERROR - Exception : [WinError 10054] Varolan bir baðlantý uzaktaki bir ana bilgisayar tarafýndan zorla kapatýldý
2024-10-16 21:02:51,723 - ERROR - Exception : [WinError 10054] Varolan bir baðlantý uzaktaki bir ana bilgisayar tarafýndan zorla kapatýldý
2024-10-16 21:02:52,176 - ERROR - Exception : [WinError 10054] Varolan bir baðlantý uzaktaki bir ana bilgisayar tarafýndan zorla kapatýldý
2024-10-16 21:02:52,311 - ERROR - Exception : [WinError 10054] Varolan bir baðlantý uzaktaki bir ana bilgisayar tarafýndan zorla kapatýldý
2024-10-16 21:02:52,450 - ERROR - Exception : [WinError 10054] Varolan bir baðlantý uzaktaki bir ana bilgisayar tarafýndan zorla kapatýldý
2024-10-16 21:02:52,792 - ERROR - Exception : [WinError 10054] Varolan bir baðlantý uzaktaki bir ana bilgisayar tarafýndan zorla kapatýldý
2024-10-16 21:02:52,983 - ERROR - Exception : timed out
2024-10-16 21:02:53,242 - ERROR - Exception : [WinError 10054] Varolan bir baðlantý uzaktaki bir ana bilgisayar tarafýndan zorla kapatýldý
2024-10-16 21:02:53,457 - ERROR - Exception : HTTPSConnectionPool(host='www.jeux-e.com', port=443): Read timed out. (read timeout=12)
2024-10-16 21:02:53,487 - ERROR - Exception : [WinError 10054] Varolan bir baðlantý uzaktaki bir ana bilgisayar tarafýndan zorla kapatýldý
2024-10-16 21:02:53,797 - ERROR - Exception : HTTPSConnectionPool(host='www.jeux-gratuits.com', port=443): Read timed out. (read timeout=12)
2024-10-16 21:02:53,953 - ERROR - Exception : HTTPSConnectionPool(host='java4fun.com', port=443): Read timed out. (read timeout=12)
2024-10-16 21:02:54,325 - ERROR - Exception : HTTPSConnectionPool(host='jeuxvideo.com', port=443): Read timed out. (read timeout=12)
2024-10-16 21:02:54,326 - INFO - Skipping https://jeuxvideo.com due to being N/A for some features.
2024-10-16 21:02:54,401 - ERROR - Exception : HTTPSConnectionPool(host='jeux-web.net', port=443): Max retries exceeded with url: / (Caused by NameResolutionError("<urllib3.connection.HTTPSConnection object at 0x000001798AA452D0>: Failed to resolve 'jeux-web.net' ([Errno 11001] getaddrinfo failed)"))
2024-10-16 21:02:54,401 - INFO - Skipping https://jeux-web.net due to being N/A for some features.
2024-10-16 21:02:54,680 - ERROR - Exception : [WinError 10054] Varolan bir baðlantý uzaktaki bir ana bilgisayar tarafýndan zorla kapatýldý
2024-10-16 21:02:54,862 - ERROR - Exception : HTTPSConnectionPool(host='poki.com', port=443): Read timed out. (read timeout=12)
2024-10-16 21:02:55,043 - ERROR - Exception : HTTPSConnectionPool(host='poki.com', port=443): Read timed out. (read timeout=12)
2024-10-16 21:02:55,258 - ERROR - Exception : [WinError 10054] Varolan bir baðlantý uzaktaki bir ana bilgisayar tarafýndan zorla kapatýldý
2024-10-16 21:02:55,374 - ERROR - Exception : HTTPSConnectionPool(host='jeuxvideomobiles.fr', port=443): Read timed out. (read timeout=12)
2024-10-16 21:02:55,375 - INFO - Skipping https://jeuxvideomobiles.fr due to being N/A for some features.
2024-10-16 21:02:55,923 - ERROR - Exception : [WinError 10054] Varolan bir baðlantý uzaktaki bir ana bilgisayar tarafýndan zorla kapatýldý
2024-10-16 21:02:56,262 - ERROR - Exception : [WinError 10054] Varolan bir baðlantý uzaktaki bir ana bilgisayar tarafýndan zorla kapatýldý
2024-10-16 21:02:56,424 - ERROR - Exception : [WinError 10054] Varolan bir baðlantý uzaktaki bir ana bilgisayar tarafýndan zorla kapatýldý
2024-10-16 21:02:56,448 - ERROR - Exception : [WinError 10054] Varolan bir baðlantý uzaktaki bir ana bilgisayar tarafýndan zorla kapatýldý
2024-10-16 21:02:56,842 - ERROR - Exception : [WinError 10054] Varolan bir baðlantý uzaktaki bir ana bilgisayar tarafýndan zorla kapatýldý
2024-10-16 21:02:56,844 - ERROR - Exception : [WinError 10054] Varolan bir baðlantý uzaktaki bir ana bilgisayar tarafýndan zorla kapatýldý
2024-10-16 21:02:56,959 - ERROR - Exception : [WinError 10054] Varolan bir baðlantý uzaktaki bir ana bilgisayar tarafýndan zorla kapatýldý
2024-10-16 21:02:57,037 - ERROR - Exception : [WinError 10054] Varolan bir baðlantý uzaktaki bir ana bilgisayar tarafýndan zorla kapatýldý
2024-10-16 21:02:57,172 - ERROR - Exception : [WinError 10054] Varolan bir baðlantý uzaktaki bir ana bilgisayar tarafýndan zorla kapatýldý
2024-10-16 21:02:57,362 - ERROR - Exception : [WinError 10054] Varolan bir baðlantý uzaktaki bir ana bilgisayar tarafýndan zorla kapatýldý
2024-10-16 21:02:57,531 - ERROR - Exception : [WinError 10054] Varolan bir baðlantý uzaktaki bir ana bilgisayar tarafýndan zorla kapatýldý
2024-10-16 21:02:57,787 - ERROR - Exception : [WinError 10054] Varolan bir baðlantý uzaktaki bir ana bilgisayar tarafýndan zorla kapatýldý
2024-10-16 21:02:57,842 - ERROR - Exception : No entries found for the selected source(s).

>>> Last update of WHOIS database: 2024.10.17T00:02:49Z <<<

2024-10-16 21:02:57,944 - ERROR - Exception : [WinError 10054] Varolan bir baðlantý uzaktaki bir ana bilgisayar tarafýndan zorla kapatýldý
2024-10-16 21:02:58,142 - ERROR - Exception : [WinError 10054] Varolan bir baðlantý uzaktaki bir ana bilgisayar tarafýndan zorla kapatýldý
2024-10-16 21:02:58,167 - ERROR - Exception : [WinError 10054] Varolan bir baðlantý uzaktaki bir ana bilgisayar tarafýndan zorla kapatýldý
2024-10-16 21:02:58,246 - ERROR - Exception : [WinError 10054] Varolan bir baðlantý uzaktaki bir ana bilgisayar tarafýndan zorla kapatýldý
2024-10-16 21:02:58,574 - ERROR - Exception : [WinError 10054] Varolan bir baðlantý uzaktaki bir ana bilgisayar tarafýndan zorla kapatýldý
2024-10-16 21:02:58,837 - ERROR - Exception : [WinError 10054] Varolan bir baðlantý uzaktaki bir ana bilgisayar tarafýndan zorla kapatýldý
2024-10-16 21:02:59,040 - ERROR - Exception : [WinError 10054] Varolan bir baðlantý uzaktaki bir ana bilgisayar tarafýndan zorla kapatýldý
2024-10-16 21:02:59,146 - ERROR - Exception : [WinError 10054] Varolan bir baðlantý uzaktaki bir ana bilgisayar tarafýndan zorla kapatýldý
2024-10-16 21:02:59,303 - ERROR - Exception : [WinError 10054] Varolan bir baðlantý uzaktaki bir ana bilgisayar tarafýndan zorla kapatýldý
2024-10-16 21:02:59,306 - ERROR - Exception : [WinError 10054] Varolan bir baðlantý uzaktaki bir ana bilgisayar tarafýndan zorla kapatýldý
2024-10-16 21:02:59,344 - ERROR - Exception : [WinError 10054] Varolan bir baðlantý uzaktaki bir ana bilgisayar tarafýndan zorla kapatýldý
2024-10-16 21:02:59,437 - ERROR - Exception : [WinError 10054] Varolan bir baðlantý uzaktaki bir ana bilgisayar tarafýndan zorla kapatýldý
2024-10-16 21:02:59,443 - ERROR - Exception : [WinError 10054] Varolan bir baðlantý uzaktaki bir ana bilgisayar tarafýndan zorla kapatýldý
2024-10-16 21:02:59,448 - ERROR - Exception : [WinError 10054] Varolan bir baðlantý uzaktaki bir ana bilgisayar tarafýndan zorla kapatýldý
2024-10-16 21:02:59,474 - ERROR - Exception : [WinError 10054] Varolan bir baðlantý uzaktaki bir ana bilgisayar tarafýndan zorla kapatýldý
2024-10-16 21:02:59,477 - ERROR - Exception : [WinError 10054] Varolan bir baðlantý uzaktaki bir ana bilgisayar tarafýndan zorla kapatýldý
2024-10-16 21:02:59,773 - ERROR - Exception : [WinError 10054] Varolan bir baðlantý uzaktaki bir ana bilgisayar tarafýndan zorla kapatýldý
2024-10-16 21:02:59,939 - ERROR - Exception : [WinError 10054] Varolan bir baðlantý uzaktaki bir ana bilgisayar tarafýndan zorla kapatýldý
2024-10-16 21:03:00,119 - ERROR - Exception : [WinError 10054] Varolan bir baðlantý uzaktaki bir ana bilgisayar tarafýndan zorla kapatýldý
2024-10-16 21:03:00,243 - ERROR - Exception : [WinError 10054] Varolan bir baðlantý uzaktaki bir ana bilgisayar tarafýndan zorla kapatýldý
2024-10-16 21:03:00,405 - ERROR - Exception : [WinError 10054] Varolan bir baðlantý uzaktaki bir ana bilgisayar tarafýndan zorla kapatýldý
2024-10-16 21:03:00,573 - ERROR - Exception : [WinError 10054] Varolan bir baðlantý uzaktaki bir ana bilgisayar tarafýndan zorla kapatýldý
2024-10-16 21:03:00,573 - ERROR - Exception : [WinError 10054] Varolan bir baðlantý uzaktaki bir ana bilgisayar tarafýndan zorla kapatýldý
2024-10-16 21:03:00,672 - ERROR - Exception : [WinError 10054] Varolan bir baðlantý uzaktaki bir ana bilgisayar tarafýndan zorla kapatýldý
2024-10-16 21:03:00,680 - ERROR - Exception : [WinError 10054] Varolan bir baðlantý uzaktaki bir ana bilgisayar tarafýndan zorla kapatýldý
2024-10-16 21:03:01,391 - ERROR - Exception : [WinError 10054] Varolan bir baðlantý uzaktaki bir ana bilgisayar tarafýndan zorla kapatýldý
2024-10-16 21:03:01,431 - ERROR - Exception : [WinError 10054] Varolan bir baðlantý uzaktaki bir ana bilgisayar tarafýndan zorla kapatýldý
2024-10-16 21:03:01,452 - ERROR - Exception : [WinError 10054] Varolan bir baðlantý uzaktaki bir ana bilgisayar tarafýndan zorla kapatýldý
2024-10-16 21:03:01,486 - ERROR - Exception : [WinError 10054] Varolan bir baðlantý uzaktaki bir ana bilgisayar tarafýndan zorla kapatýldý
2024-10-16 21:03:01,512 - ERROR - Exception : [WinError 10054] Varolan bir baðlantý uzaktaki bir ana bilgisayar tarafýndan zorla kapatýldý
2024-10-16 21:03:02,461 - ERROR - Exception : [WinError 10054] Varolan bir baðlantý uzaktaki bir ana bilgisayar tarafýndan zorla kapatýldý
2024-10-16 21:03:03,285 - ERROR - Exception : [WinError 10054] Varolan bir baðlantý uzaktaki bir ana bilgisayar tarafýndan zorla kapatýldý
2024-10-16 21:03:03,331 - ERROR - Exception : [WinError 10054] Varolan bir baðlantý uzaktaki bir ana bilgisayar tarafýndan zorla kapatýldý
2024-10-16 21:03:03,460 - ERROR - Exception : [WinError 10054] Varolan bir baðlantý uzaktaki bir ana bilgisayar tarafýndan zorla kapatýldý
2024-10-16 21:03:03,568 - ERROR - Exception : [WinError 10054] Varolan bir baðlantý uzaktaki bir ana bilgisayar tarafýndan zorla kapatýldý
2024-10-16 21:03:03,583 - ERROR - Exception : [WinError 10054] Varolan bir baðlantý uzaktaki bir ana bilgisayar tarafýndan zorla kapatýldý
2024-10-16 21:03:03,664 - ERROR - Exception : [WinError 10054] Varolan bir baðlantý uzaktaki bir ana bilgisayar tarafýndan zorla kapatýldý
2024-10-16 21:03:04,257 - ERROR - Exception : [WinError 10054] Varolan bir baðlantý uzaktaki bir ana bilgisayar tarafýndan zorla kapatýldý
2024-10-16 21:03:04,533 - ERROR - Exception : HTTPSConnectionPool(host='jogost.com', port=443): Max retries exceeded with url: / (Caused by NameResolutionError("<urllib3.connection.HTTPSConnection object at 0x0000017990B36BD0>: Failed to resolve 'jogost.com' ([Errno 11001] getaddrinfo failed)"))
2024-10-16 21:03:04,533 - INFO - Skipping https://jogost.com due to being N/A for some features.
2024-10-16 21:03:04,537 - ERROR - Exception : [WinError 10054] Varolan bir baðlantý uzaktaki bir ana bilgisayar tarafýndan zorla kapatýldý
2024-10-16 21:03:04,654 - ERROR - Exception : [WinError 10054] Varolan bir baðlantý uzaktaki bir ana bilgisayar tarafýndan zorla kapatýldý
2024-10-16 21:03:04,991 - ERROR - Exception : [WinError 10054] Varolan bir baðlantý uzaktaki bir ana bilgisayar tarafýndan zorla kapatýldý
2024-10-16 21:03:05,040 - ERROR - Exception : [WinError 10054] Varolan bir baðlantý uzaktaki bir ana bilgisayar tarafýndan zorla kapatýldý
2024-10-16 21:03:05,040 - ERROR - Exception : [WinError 10054] Varolan bir baðlantý uzaktaki bir ana bilgisayar tarafýndan zorla kapatýldý
2024-10-16 21:03:05,483 - ERROR - Exception : [WinError 10054] Varolan bir baðlantý uzaktaki bir ana bilgisayar tarafýndan zorla kapatýldý
2024-10-16 21:03:05,514 - ERROR - Exception : [WinError 10054] Varolan bir baðlantý uzaktaki bir ana bilgisayar tarafýndan zorla kapatýldý
2024-10-16 21:03:05,590 - ERROR - Exception : HTTPSConnectionPool(host='jeux-e.com', port=443): Max retries exceeded with url: / (Caused by ConnectTimeoutError(<urllib3.connection.HTTPSConnection object at 0x000001798D372010>, 'Connection to jeux-e.com timed out. (connect timeout=12)'))
2024-10-16 21:03:05,713 - ERROR - Exception : [WinError 10054] Varolan bir baðlantý uzaktaki bir ana bilgisayar tarafýndan zorla kapatýldý
2024-10-16 21:03:05,837 - ERROR - Exception : [WinError 10054] Varolan bir baðlantý uzaktaki bir ana bilgisayar tarafýndan zorla kapatýldý
2024-10-16 21:03:05,898 - ERROR - Exception : [WinError 10054] Varolan bir baðlantý uzaktaki bir ana bilgisayar tarafýndan zorla kapatýldý
2024-10-16 21:03:05,898 - ERROR - Exception : [WinError 10054] Varolan bir baðlantý uzaktaki bir ana bilgisayar tarafýndan zorla kapatýldý
2024-10-16 21:03:05,944 - ERROR - Exception : [WinError 10054] Varolan bir baðlantý uzaktaki bir ana bilgisayar tarafýndan zorla kapatýldý
2024-10-16 21:03:05,952 - ERROR - Exception : [WinError 10054] Varolan bir baðlantý uzaktaki bir ana bilgisayar tarafýndan zorla kapatýldý
2024-10-16 21:03:06,168 - ERROR - Exception : timed out
2024-10-16 21:03:06,168 - ERROR - Exception : [WinError 10054] Varolan bir baðlantý uzaktaki bir ana bilgisayar tarafýndan zorla kapatýldý
2024-10-16 21:03:06,169 - ERROR - Exception : [WinError 10054] Varolan bir baðlantý uzaktaki bir ana bilgisayar tarafýndan zorla kapatýldý
2024-10-16 21:03:06,170 - ERROR - Exception : [WinError 10054] Varolan bir baðlantý uzaktaki bir ana bilgisayar tarafýndan zorla kapatýldý
2024-10-16 21:03:06,171 - ERROR - Exception : [WinError 10054] Varolan bir baðlantý uzaktaki bir ana bilgisayar tarafýndan zorla kapatýldý
2024-10-16 21:03:06,171 - ERROR - Exception : timed out
2024-10-16 21:03:06,172 - ERROR - Exception : [WinError 10054] Varolan bir baðlantý uzaktaki bir ana bilgisayar tarafýndan zorla kapatýldý
2024-10-16 21:03:06,176 - ERROR - Exception : [WinError 10054] Varolan bir baðlantý uzaktaki bir ana bilgisayar tarafýndan zorla kapatýldý
2024-10-16 21:03:06,244 - ERROR - Exception : [WinError 10054] Varolan bir baðlantý uzaktaki bir ana bilgisayar tarafýndan zorla kapatýldý
2024-10-16 21:03:06,246 - ERROR - Exception : [WinError 10054] Varolan bir baðlantý uzaktaki bir ana bilgisayar tarafýndan zorla kapatýldý
2024-10-16 21:03:06,324 - ERROR - Exception : [WinError 10054] Varolan bir baðlantý uzaktaki bir ana bilgisayar tarafýndan zorla kapatýldý
2024-10-16 21:03:06,600 - ERROR - Exception : [WinError 10054] Varolan bir baðlantý uzaktaki bir ana bilgisayar tarafýndan zorla kapatýldý
2024-10-16 21:03:07,088 - ERROR - Exception : [WinError 10054] Varolan bir baðlantý uzaktaki bir ana bilgisayar tarafýndan zorla kapatýldý
2024-10-16 21:03:07,173 - ERROR - Exception : [WinError 10054] Varolan bir baðlantý uzaktaki bir ana bilgisayar tarafýndan zorla kapatýldý
2024-10-16 21:03:07,675 - ERROR - Exception : [WinError 10054] Varolan bir baðlantý uzaktaki bir ana bilgisayar tarafýndan zorla kapatýldý
2024-10-16 21:03:07,778 - ERROR - Exception : [WinError 10054] Varolan bir baðlantý uzaktaki bir ana bilgisayar tarafýndan zorla kapatýldý
2024-10-16 21:03:08,061 - ERROR - Exception : [WinError 10054] Varolan bir baðlantý uzaktaki bir ana bilgisayar tarafýndan zorla kapatýldý
2024-10-16 21:03:08,196 - ERROR - Exception : [WinError 10054] Varolan bir baðlantý uzaktaki bir ana bilgisayar tarafýndan zorla kapatýldý
2024-10-16 21:03:08,599 - ERROR - Exception : [WinError 10054] Varolan bir baðlantý uzaktaki bir ana bilgisayar tarafýndan zorla kapatýldý
2024-10-16 21:03:08,966 - ERROR - Exception : [WinError 10054] Varolan bir baðlantý uzaktaki bir ana bilgisayar tarafýndan zorla kapatýldý
2024-10-16 21:03:08,970 - ERROR - Exception : [WinError 10054] Varolan bir baðlantý uzaktaki bir ana bilgisayar tarafýndan zorla kapatýldý
2024-10-16 21:03:09,475 - ERROR - Exception : [WinError 10054] Varolan bir baðlantý uzaktaki bir ana bilgisayar tarafýndan zorla kapatýldý
2024-10-16 21:03:09,506 - ERROR - Exception : [WinError 10054] Varolan bir baðlantý uzaktaki bir ana bilgisayar tarafýndan zorla kapatýldý
2024-10-16 21:03:09,777 - ERROR - Exception : [WinError 10054] Varolan bir baðlantý uzaktaki bir ana bilgisayar tarafýndan zorla kapatýldý
2024-10-16 21:03:09,946 - ERROR - Exception : [WinError 10054] Varolan bir baðlantý uzaktaki bir ana bilgisayar tarafýndan zorla kapatýldý
2024-10-16 21:03:10,187 - ERROR - Exception : [WinError 10054] Varolan bir baðlantý uzaktaki bir ana bilgisayar tarafýndan zorla kapatýldý
2024-10-16 21:03:10,365 - ERROR - Exception : [WinError 10054] Varolan bir baðlantý uzaktaki bir ana bilgisayar tarafýndan zorla kapatýldý
2024-10-16 21:03:10,749 - ERROR - Exception : [WinError 10054] Varolan bir baðlantý uzaktaki bir ana bilgisayar tarafýndan zorla kapatýldý
2024-10-16 21:03:11,181 - ERROR - Exception : [WinError 10054] Varolan bir baðlantý uzaktaki bir ana bilgisayar tarafýndan zorla kapatýldý
2024-10-16 21:03:11,243 - ERROR - Exception : [WinError 10054] Varolan bir baðlantý uzaktaki bir ana bilgisayar tarafýndan zorla kapatýldý
2024-10-16 21:03:11,413 - ERROR - Exception : [WinError 10054] Varolan bir baðlantý uzaktaki bir ana bilgisayar tarafýndan zorla kapatýldý
2024-10-16 21:03:11,539 - ERROR - Exception : [WinError 10054] Varolan bir baðlantý uzaktaki bir ana bilgisayar tarafýndan zorla kapatýldý
2024-10-16 21:03:11,614 - ERROR - Exception : [WinError 10054] Varolan bir baðlantý uzaktaki bir ana bilgisayar tarafýndan zorla kapatýldý
2024-10-16 21:03:11,920 - ERROR - Exception : [WinError 10054] Varolan bir baðlantý uzaktaki bir ana bilgisayar tarafýndan zorla kapatýldý
2024-10-16 21:03:12,472 - ERROR - Exception : No entries found for the selected source(s).

>>> Last update of WHOIS database: 2024.10.17T00:03:03Z <<<

2024-10-16 21:03:12,854 - ERROR - Exception : [WinError 10054] Varolan bir baðlantý uzaktaki bir ana bilgisayar tarafýndan zorla kapatýldý
2024-10-16 21:03:12,885 - ERROR - Exception : [WinError 10054] Varolan bir baðlantý uzaktaki bir ana bilgisayar tarafýndan zorla kapatýldý
2024-10-16 21:03:12,933 - ERROR - Exception : [WinError 10054] Varolan bir baðlantý uzaktaki bir ana bilgisayar tarafýndan zorla kapatýldý
2024-10-16 21:03:13,012 - ERROR - Exception : [WinError 10054] Varolan bir baðlantý uzaktaki bir ana bilgisayar tarafýndan zorla kapatýldý
2024-10-16 21:03:13,914 - ERROR - Exception : [WinError 10054] Varolan bir baðlantý uzaktaki bir ana bilgisayar tarafýndan zorla kapatýldý
2024-10-16 21:03:14,152 - ERROR - Exception : [WinError 10054] Varolan bir baðlantý uzaktaki bir ana bilgisayar tarafýndan zorla kapatýldý
2024-10-16 21:03:14,619 - ERROR - Exception : [WinError 10054] Varolan bir baðlantý uzaktaki bir ana bilgisayar tarafýndan zorla kapatýldý
2024-10-16 21:03:14,665 - ERROR - Exception : [WinError 10054] Varolan bir baðlantý uzaktaki bir ana bilgisayar tarafýndan zorla kapatýldý
2024-10-16 21:03:15,355 - ERROR - Exception : [WinError 10054] Varolan bir baðlantý uzaktaki bir ana bilgisayar tarafýndan zorla kapatýldý
2024-10-16 21:03:15,863 - ERROR - Exception : [WinError 10054] Varolan bir baðlantý uzaktaki bir ana bilgisayar tarafýndan zorla kapatýldý
2024-10-16 21:03:16,264 - ERROR - Exception : [WinError 10054] Varolan bir baðlantý uzaktaki bir ana bilgisayar tarafýndan zorla kapatýldý
2024-10-16 21:03:16,281 - ERROR - Exception : [WinError 10054] Varolan bir baðlantý uzaktaki bir ana bilgisayar tarafýndan zorla kapatýldý
2024-10-16 21:03:16,371 - ERROR - Exception : [WinError 10054] Varolan bir baðlantý uzaktaki bir ana bilgisayar tarafýndan zorla kapatýldý
2024-10-16 21:03:16,388 - ERROR - Exception : [WinError 10054] Varolan bir baðlantý uzaktaki bir ana bilgisayar tarafýndan zorla kapatýldý
2024-10-16 21:03:16,646 - ERROR - Exception : [WinError 10054] Varolan bir baðlantý uzaktaki bir ana bilgisayar tarafýndan zorla kapatýldý
2024-10-16 21:03:16,647 - ERROR - Exception : [WinError 10054] Varolan bir baðlantý uzaktaki bir ana bilgisayar tarafýndan zorla kapatýldý
2024-10-16 21:03:16,706 - ERROR - Exception : [WinError 10054] Varolan bir baðlantý uzaktaki bir ana bilgisayar tarafýndan zorla kapatýldý
2024-10-16 21:03:17,139 - ERROR - Exception : No entries found for the selected source(s).

>>> Last update of WHOIS database: 2024.10.17T00:03:08Z <<<

2024-10-16 21:03:17,173 - ERROR - Exception : [WinError 10054] Varolan bir baðlantý uzaktaki bir ana bilgisayar tarafýndan zorla kapatýldý
2024-10-16 21:03:17,674 - ERROR - Exception : [WinError 10054] Varolan bir baðlantý uzaktaki bir ana bilgisayar tarafýndan zorla kapatýldý
2024-10-16 21:03:17,735 - ERROR - Exception : [WinError 10054] Varolan bir baðlantý uzaktaki bir ana bilgisayar tarafýndan zorla kapatýldý
2024-10-16 21:03:17,812 - ERROR - Exception : HTTPSConnectionPool(host='jeux-e.com', port=443): Max retries exceeded with url: / (Caused by ConnectTimeoutError(<urllib3.connection.HTTPSConnection object at 0x000001798CCEB6D0>, 'Connection to jeux-e.com timed out. (connect timeout=12)'))
2024-10-16 21:03:17,875 - ERROR - Exception : [WinError 10054] Varolan bir baðlantý uzaktaki bir ana bilgisayar tarafýndan zorla kapatýldý
2024-10-16 21:03:17,875 - ERROR - Exception : HTTPSConnectionPool(host='jeux-gratuits.com', port=443): Max retries exceeded with url: / (Caused by ConnectTimeoutError(<urllib3.connection.HTTPSConnection object at 0x000001798C87D450>, 'Connection to jeux-gratuits.com timed out. (connect timeout=12)'))
2024-10-16 21:03:18,229 - ERROR - Exception : [WinError 10054] Varolan bir baðlantý uzaktaki bir ana bilgisayar tarafýndan zorla kapatýldý
2024-10-16 21:03:18,444 - ERROR - Exception : [WinError 10054] Varolan bir baðlantý uzaktaki bir ana bilgisayar tarafýndan zorla kapatýldý
2024-10-16 21:03:19,015 - ERROR - Exception : No entries found for the selected source(s).

>>> Last update of WHOIS database: 2024.10.17T00:03:10Z <<<

2024-10-16 21:03:19,470 - ERROR - Exception : [WinError 10054] Varolan bir baðlantý uzaktaki bir ana bilgisayar tarafýndan zorla kapatýldý
2024-10-16 21:03:19,587 - ERROR - Exception : [WinError 10054] Varolan bir baðlantý uzaktaki bir ana bilgisayar tarafýndan zorla kapatýldý
2024-10-16 21:03:19,587 - ERROR - Exception : [WinError 10054] Varolan bir baðlantý uzaktaki bir ana bilgisayar tarafýndan zorla kapatýldý
2024-10-16 21:03:19,589 - ERROR - Exception : [WinError 10054] Varolan bir baðlantý uzaktaki bir ana bilgisayar tarafýndan zorla kapatýldý
2024-10-16 21:03:19,608 - ERROR - Exception : [WinError 10054] Varolan bir baðlantý uzaktaki bir ana bilgisayar tarafýndan zorla kapatýldý
2024-10-16 21:03:19,626 - ERROR - Exception : [WinError 10054] Varolan bir baðlantý uzaktaki bir ana bilgisayar tarafýndan zorla kapatýldý
2024-10-16 21:03:20,009 - ERROR - Exception : [WinError 10054] Varolan bir baðlantý uzaktaki bir ana bilgisayar tarafýndan zorla kapatýldý
2024-10-16 21:03:20,009 - ERROR - Exception : [WinError 10054] Varolan bir baðlantý uzaktaki bir ana bilgisayar tarafýndan zorla kapatýldý
2024-10-16 21:03:20,037 - ERROR - Exception : [WinError 10054] Varolan bir baðlantý uzaktaki bir ana bilgisayar tarafýndan zorla kapatýldý
2024-10-16 21:03:20,130 - ERROR - Exception : [WinError 10054] Varolan bir baðlantý uzaktaki bir ana bilgisayar tarafýndan zorla kapatýldý
2024-10-16 21:03:20,239 - ERROR - Exception : [WinError 10054] Varolan bir baðlantý uzaktaki bir ana bilgisayar tarafýndan zorla kapatýldý
2024-10-16 21:03:20,749 - ERROR - Exception : [WinError 10054] Varolan bir baðlantý uzaktaki bir ana bilgisayar tarafýndan zorla kapatýldý
2024-10-16 21:03:20,758 - ERROR - Exception : [WinError 10054] Varolan bir baðlantý uzaktaki bir ana bilgisayar tarafýndan zorla kapatýldý
2024-10-16 21:03:21,372 - ERROR - Exception : [WinError 10054] Varolan bir baðlantý uzaktaki bir ana bilgisayar tarafýndan zorla kapatýldý
2024-10-16 21:03:21,775 - ERROR - Exception : [WinError 10054] Varolan bir baðlantý uzaktaki bir ana bilgisayar tarafýndan zorla kapatýldý
2024-10-16 21:03:22,433 - ERROR - Exception : [WinError 10054] Varolan bir baðlantý uzaktaki bir ana bilgisayar tarafýndan zorla kapatýldý
2024-10-16 21:03:22,805 - ERROR - Exception : [WinError 10054] Varolan bir baðlantý uzaktaki bir ana bilgisayar tarafýndan zorla kapatýldý
2024-10-16 21:03:22,824 - ERROR - Exception : [WinError 10054] Varolan bir baðlantý uzaktaki bir ana bilgisayar tarafýndan zorla kapatýldý
2024-10-16 21:03:23,144 - ERROR - Exception : [WinError 10054] Varolan bir baðlantý uzaktaki bir ana bilgisayar tarafýndan zorla kapatýldý
2024-10-16 21:03:23,303 - ERROR - Exception : [WinError 10054] Varolan bir baðlantý uzaktaki bir ana bilgisayar tarafýndan zorla kapatýldý
2024-10-16 21:03:23,361 - ERROR - Exception : [WinError 10054] Varolan bir baðlantý uzaktaki bir ana bilgisayar tarafýndan zorla kapatýldý
2024-10-16 21:03:23,660 - ERROR - Exception : [WinError 10054] Varolan bir baðlantý uzaktaki bir ana bilgisayar tarafýndan zorla kapatýldý
2024-10-16 21:03:24,023 - ERROR - Exception : [WinError 10054] Varolan bir baðlantý uzaktaki bir ana bilgisayar tarafýndan zorla kapatýldý
2024-10-16 21:03:24,842 - ERROR - Exception : [WinError 10054] Varolan bir baðlantý uzaktaki bir ana bilgisayar tarafýndan zorla kapatýldý
2024-10-16 21:03:26,126 - ERROR - Exception : [WinError 10054] Varolan bir baðlantý uzaktaki bir ana bilgisayar tarafýndan zorla kapatýldý
2024-10-16 21:03:26,153 - ERROR - Exception : [WinError 10054] Varolan bir baðlantý uzaktaki bir ana bilgisayar tarafýndan zorla kapatýldý
2024-10-16 21:03:26,273 - ERROR - Exception : Not found: kickasspoker.blogspot.ca

%
% Use of CIRA's WHOIS service is governed by the Terms of Use in its Legal
% Notice, available at http://www.cira.ca/legal-notice/?lang=en
%
% (c) 2024 Canadian Internet Registration Authority, (http://www.cira.ca/)

2024-10-16 21:03:26,570 - ERROR - Exception : [WinError 10054] Varolan bir baðlantý uzaktaki bir ana bilgisayar tarafýndan zorla kapatýldý
2024-10-16 21:03:26,603 - ERROR - Exception : [WinError 10054] Varolan bir baðlantý uzaktaki bir ana bilgisayar tarafýndan zorla kapatýldý
2024-10-16 21:03:26,955 - ERROR - Exception : [WinError 10054] Varolan bir baðlantý uzaktaki bir ana bilgisayar tarafýndan zorla kapatýldý
2024-10-16 21:03:26,970 - ERROR - Exception : [WinError 10054] Varolan bir baðlantý uzaktaki bir ana bilgisayar tarafýndan zorla kapatýldý
2024-10-16 21:03:27,569 - ERROR - Exception : [WinError 10054] Varolan bir baðlantý uzaktaki bir ana bilgisayar tarafýndan zorla kapatýldý
2024-10-16 21:03:27,695 - ERROR - Exception : El dominio no se encuentra registrado en NIC Argentina
2024-10-16 21:03:27,785 - ERROR - Exception : [WinError 10054] Varolan bir baðlantý uzaktaki bir ana bilgisayar tarafýndan zorla kapatýldý
2024-10-16 21:03:27,943 - ERROR - Exception : [WinError 10054] Varolan bir baðlantý uzaktaki bir ana bilgisayar tarafýndan zorla kapatýldý
2024-10-16 21:03:28,339 - ERROR - Exception : [WinError 10054] Varolan bir baðlantý uzaktaki bir ana bilgisayar tarafýndan zorla kapatýldý
2024-10-16 21:03:28,813 - ERROR - Exception : [WinError 10054] Varolan bir baðlantý uzaktaki bir ana bilgisayar tarafýndan zorla kapatýldý
2024-10-16 21:03:29,131 - ERROR - Exception : HTTPSConnectionPool(host='kbmod.com', port=443): Max retries exceeded with url: / (Caused by NameResolutionError("<urllib3.connection.HTTPSConnection object at 0x000001798C893190>: Failed to resolve 'kbmod.com' ([Errno 11001] getaddrinfo failed)"))
2024-10-16 21:03:29,152 - INFO - Skipping https://kbmod.com due to being N/A for some features.
2024-10-16 21:03:29,228 - ERROR - Exception : [WinError 10054] Varolan bir baðlantý uzaktaki bir ana bilgisayar tarafýndan zorla kapatýldý
2024-10-16 21:03:29,228 - ERROR - Exception : [WinError 10054] Varolan bir baðlantý uzaktaki bir ana bilgisayar tarafýndan zorla kapatýldý
2024-10-16 21:03:29,259 - ERROR - Exception : [WinError 10054] Varolan bir baðlantý uzaktaki bir ana bilgisayar tarafýndan zorla kapatýldý
2024-10-16 21:03:29,923 - ERROR - Exception : HTTPSConnectionPool(host='jeux-e.com', port=443): Max retries exceeded with url: / (Caused by ConnectTimeoutError(<urllib3.connection.HTTPSConnection object at 0x0000017989C3C950>, 'Connection to jeux-e.com timed out. (connect timeout=12)'))
2024-10-16 21:03:29,932 - ERROR - Exception : % By looking up information in the domain registration directory
% service, you confirm that you accept the terms and conditions of the
% service:
% https://www.norid.no/en/domeneoppslag/vilkar/
%
% Norid AS holds the copyright to the lookup service, content,
% layout and the underlying collections of information used in the
% service (cf. the Act on Intellectual Property of May 2, 1961, No.
% 2). Any commercial use of information from the service, including
% targeted marketing, is prohibited. Using information from the domain
% registration directory service in violation of the terms and
% conditions may result in legal prosecution.
%
% The whois service at port 43 is intended to contribute to resolving
% technical problems where individual domains threaten the
% functionality, security and stability of other domains or the
% internet as an infrastructure. It does not give any information
% about who the holder of a domain is. To find information about a
% domain holder, please visit our website:
% https://www.norid.no/en/domeneoppslag/

% No match


2024-10-16 21:03:30,278 - ERROR - Exception : No entries found for the selected source(s).

>>> Last update of WHOIS database: 2024.10.17T00:03:21Z <<<

2024-10-16 21:03:30,368 - ERROR - Exception : [WinError 10054] Varolan bir baðlantý uzaktaki bir ana bilgisayar tarafýndan zorla kapatýldý
2024-10-16 21:03:30,374 - ERROR - Exception : [WinError 10054] Varolan bir baðlantý uzaktaki bir ana bilgisayar tarafýndan zorla kapatýldý
2024-10-16 21:03:31,363 - ERROR - Exception : [WinError 10054] Varolan bir baðlantý uzaktaki bir ana bilgisayar tarafýndan zorla kapatýldý
2024-10-16 21:03:31,686 - ERROR - Exception : # Copyright (c) 1997- The Swedish Internet Foundation.
# All rights reserved.
# The information obtained through searches, or otherwise, is protected
# by the Swedish Copyright Act (1960:729) and international conventions.
# It is also subject to database protection according to the Swedish
# Copyright Act.
# Any use of this material to target advertising or
# similar activities is forbidden and will be prosecuted.
# If any of the information below is transferred to a third
# party, it must be done in its entirety. This server must
# not be used as a backend for a search engine.
# Result of search for registered domain names under
# the .se top level domain.
# This whois printout is printed with UTF-8 encoding.
#
domain "kickasspoker.blogspot.se" not found.

2024-10-16 21:03:31,761 - ERROR - Exception : [WinError 10054] Varolan bir baðlantý uzaktaki bir ana bilgisayar tarafýndan zorla kapatýldý
2024-10-16 21:03:32,058 - ERROR - Exception : [WinError 10054] Varolan bir baðlantý uzaktaki bir ana bilgisayar tarafýndan zorla kapatýldý
2024-10-16 21:03:32,076 - ERROR - Exception : [WinError 10054] Varolan bir baðlantý uzaktaki bir ana bilgisayar tarafýndan zorla kapatýldý
2024-10-16 21:03:34,298 - ERROR - Exception : [WinError 10054] Varolan bir baðlantý uzaktaki bir ana bilgisayar tarafýndan zorla kapatýldý
2024-10-16 21:03:34,321 - ERROR - Exception : [WinError 10054] Varolan bir baðlantý uzaktaki bir ana bilgisayar tarafýndan zorla kapatýldý
2024-10-16 21:03:34,367 - ERROR - Exception : [WinError 10054] Varolan bir baðlantý uzaktaki bir ana bilgisayar tarafýndan zorla kapatýldý
2024-10-16 21:03:35,078 - ERROR - Exception : [WinError 10054] Varolan bir baðlantý uzaktaki bir ana bilgisayar tarafýndan zorla kapatýldý
2024-10-16 21:03:36,323 - ERROR - Exception : [WinError 10054] Varolan bir baðlantý uzaktaki bir ana bilgisayar tarafýndan zorla kapatýldý
2024-10-16 21:03:36,398 - ERROR - Exception : [WinError 10054] Varolan bir baðlantý uzaktaki bir ana bilgisayar tarafýndan zorla kapatýldý
2024-10-16 21:03:40,456 - ERROR - Exception : [WinError 10054] Varolan bir baðlantý uzaktaki bir ana bilgisayar tarafýndan zorla kapatýldý
2024-10-16 21:03:41,516 - ERROR - Exception : [WinError 10054] Varolan bir baðlantý uzaktaki bir ana bilgisayar tarafýndan zorla kapatýldý
2024-10-16 21:03:41,656 - ERROR - Exception : [WinError 10054] Varolan bir baðlantý uzaktaki bir ana bilgisayar tarafýndan zorla kapatýldý
2024-10-16 21:03:41,710 - ERROR - Exception : [WinError 10054] Varolan bir baðlantý uzaktaki bir ana bilgisayar tarafýndan zorla kapatýldý
2024-10-16 21:03:41,718 - ERROR - Exception : No entries found for the selected source(s).

>>> Last update of WHOIS database: 2024.10.17T00:03:33Z <<<

2024-10-16 21:03:42,149 - ERROR - Exception : HTTPSConnectionPool(host='jeux-gratuits.com', port=443): Max retries exceeded with url: / (Caused by ConnectTimeoutError(<urllib3.connection.HTTPSConnection object at 0x000001798C12EC90>, 'Connection to jeux-gratuits.com timed out. (connect timeout=12)'))
2024-10-16 21:03:42,441 - ERROR - Exception : [WinError 10054] Varolan bir baðlantý uzaktaki bir ana bilgisayar tarafýndan zorla kapatýldý
2024-10-16 21:03:42,464 - ERROR - Exception : [WinError 10054] Varolan bir baðlantý uzaktaki bir ana bilgisayar tarafýndan zorla kapatýldý
2024-10-16 21:03:42,999 - ERROR - Exception : [WinError 10054] Varolan bir baðlantý uzaktaki bir ana bilgisayar tarafýndan zorla kapatýldý
2024-10-16 21:03:43,360 - ERROR - Exception : [WinError 10054] Varolan bir baðlantý uzaktaki bir ana bilgisayar tarafýndan zorla kapatýldý
2024-10-16 21:03:43,490 - ERROR - Exception : [WinError 10054] Varolan bir baðlantý uzaktaki bir ana bilgisayar tarafýndan zorla kapatýldý
2024-10-16 21:03:43,575 - ERROR - Exception : [WinError 10054] Varolan bir baðlantý uzaktaki bir ana bilgisayar tarafýndan zorla kapatýldý
2024-10-16 21:03:43,623 - ERROR - Exception : [WinError 10054] Varolan bir baðlantý uzaktaki bir ana bilgisayar tarafýndan zorla kapatýldý
2024-10-16 21:03:43,830 - ERROR - Exception : [WinError 10054] Varolan bir baðlantý uzaktaki bir ana bilgisayar tarafýndan zorla kapatýldý
2024-10-16 21:03:43,830 - ERROR - Exception : [WinError 10054] Varolan bir baðlantý uzaktaki bir ana bilgisayar tarafýndan zorla kapatýldý
2024-10-16 21:03:44,836 - ERROR - Exception : [WinError 10054] Varolan bir baðlantý uzaktaki bir ana bilgisayar tarafýndan zorla kapatýldý
2024-10-16 21:03:45,251 - ERROR - Exception : [WinError 10054] Varolan bir baðlantý uzaktaki bir ana bilgisayar tarafýndan zorla kapatýldý
2024-10-16 21:03:45,403 - ERROR - Exception : [WinError 10054] Varolan bir baðlantý uzaktaki bir ana bilgisayar tarafýndan zorla kapatýldý
2024-10-16 21:03:45,556 - ERROR - Exception : [WinError 10054] Varolan bir baðlantý uzaktaki bir ana bilgisayar tarafýndan zorla kapatýldý
2024-10-16 21:03:45,739 - ERROR - Exception : [WinError 10054] Varolan bir baðlantý uzaktaki bir ana bilgisayar tarafýndan zorla kapatýldý
2024-10-16 21:03:45,894 - ERROR - Exception : [WinError 10054] Varolan bir baðlantý uzaktaki bir ana bilgisayar tarafýndan zorla kapatýldý
2024-10-16 21:03:46,292 - ERROR - Exception : [WinError 10054] Varolan bir baðlantý uzaktaki bir ana bilgisayar tarafýndan zorla kapatýldý
2024-10-16 21:03:46,292 - ERROR - Exception : [WinError 10054] Varolan bir baðlantý uzaktaki bir ana bilgisayar tarafýndan zorla kapatýldý
2024-10-16 21:03:46,863 - ERROR - Exception : [WinError 10054] Varolan bir baðlantý uzaktaki bir ana bilgisayar tarafýndan zorla kapatýldý
2024-10-16 21:03:47,020 - ERROR - Exception : [WinError 10054] Varolan bir baðlantý uzaktaki bir ana bilgisayar tarafýndan zorla kapatýldý
2024-10-16 21:03:47,195 - ERROR - Exception : [WinError 10054] Varolan bir baðlantý uzaktaki bir ana bilgisayar tarafýndan zorla kapatýldý
2024-10-16 21:03:47,305 - ERROR - Exception : [WinError 10054] Varolan bir baðlantý uzaktaki bir ana bilgisayar tarafýndan zorla kapatýldý
2024-10-16 21:03:47,398 - ERROR - Exception : No entries found for the selected source(s).

>>> Last update of WHOIS database: 2024.10.17T00:03:38Z <<<

2024-10-16 21:03:47,583 - ERROR - Exception : [WinError 10054] Varolan bir baðlantý uzaktaki bir ana bilgisayar tarafýndan zorla kapatýldý
2024-10-16 21:03:47,706 - ERROR - Exception : [WinError 10054] Varolan bir baðlantý uzaktaki bir ana bilgisayar tarafýndan zorla kapatýldý
2024-10-16 21:03:47,786 - ERROR - Exception : [WinError 10054] Varolan bir baðlantý uzaktaki bir ana bilgisayar tarafýndan zorla kapatýldý
2024-10-16 21:03:47,960 - ERROR - Exception : [WinError 10054] Varolan bir baðlantý uzaktaki bir ana bilgisayar tarafýndan zorla kapatýldý
2024-10-16 21:03:48,008 - ERROR - Exception : [WinError 10054] Varolan bir baðlantý uzaktaki bir ana bilgisayar tarafýndan zorla kapatýldý
2024-10-16 21:03:48,206 - ERROR - Exception : [WinError 10054] Varolan bir baðlantý uzaktaki bir ana bilgisayar tarafýndan zorla kapatýldý
2024-10-16 21:03:48,384 - ERROR - Exception : [WinError 10054] Varolan bir baðlantý uzaktaki bir ana bilgisayar tarafýndan zorla kapatýldý
2024-10-16 21:03:48,486 - ERROR - Exception : [WinError 10054] Varolan bir baðlantý uzaktaki bir ana bilgisayar tarafýndan zorla kapatýldý
2024-10-16 21:03:48,506 - ERROR - Exception : [WinError 10054] Varolan bir baðlantý uzaktaki bir ana bilgisayar tarafýndan zorla kapatýldý
2024-10-16 21:03:48,768 - ERROR - Exception : [WinError 10054] Varolan bir baðlantý uzaktaki bir ana bilgisayar tarafýndan zorla kapatýldý
2024-10-16 21:03:48,769 - ERROR - Exception : [WinError 10054] Varolan bir baðlantý uzaktaki bir ana bilgisayar tarafýndan zorla kapatýldý
2024-10-16 21:03:49,091 - ERROR - Exception : [WinError 10054] Varolan bir baðlantý uzaktaki bir ana bilgisayar tarafýndan zorla kapatýldý
2024-10-16 21:03:49,091 - ERROR - Exception : [WinError 10054] Varolan bir baðlantý uzaktaki bir ana bilgisayar tarafýndan zorla kapatýldý
2024-10-16 21:03:49,168 - ERROR - Exception : [WinError 10054] Varolan bir baðlantý uzaktaki bir ana bilgisayar tarafýndan zorla kapatýldý
2024-10-16 21:03:49,451 - ERROR - Exception : [WinError 10054] Varolan bir baðlantý uzaktaki bir ana bilgisayar tarafýndan zorla kapatýldý
2024-10-16 21:03:49,636 - ERROR - Exception : [WinError 10054] Varolan bir baðlantý uzaktaki bir ana bilgisayar tarafýndan zorla kapatýldý
2024-10-16 21:03:49,774 - ERROR - Exception : [WinError 10054] Varolan bir baðlantý uzaktaki bir ana bilgisayar tarafýndan zorla kapatýldý
2024-10-16 21:03:49,885 - ERROR - Exception : [WinError 10054] Varolan bir baðlantý uzaktaki bir ana bilgisayar tarafýndan zorla kapatýldý
2024-10-16 21:03:50,002 - ERROR - Exception : HTTPSConnectionPool(host='krainagier.pl', port=443): Max retries exceeded with url: / (Caused by NameResolutionError("<urllib3.connection.HTTPSConnection object at 0x0000017989B451D0>: Failed to resolve 'krainagier.pl' ([Errno 11001] getaddrinfo failed)"))
2024-10-16 21:03:50,003 - INFO - Skipping https://krainagier.pl due to being N/A for some features.
2024-10-16 21:03:50,194 - ERROR - Exception : [WinError 10054] Varolan bir baðlantý uzaktaki bir ana bilgisayar tarafýndan zorla kapatýldý
2024-10-16 21:03:50,556 - ERROR - Exception : [WinError 10054] Varolan bir baðlantý uzaktaki bir ana bilgisayar tarafýndan zorla kapatýldý
2024-10-16 21:03:50,911 - ERROR - Exception : [WinError 10054] Varolan bir baðlantý uzaktaki bir ana bilgisayar tarafýndan zorla kapatýldý
2024-10-16 21:03:50,972 - ERROR - Exception : HTTPSConnectionPool(host='koyuncuk.com', port=443): Read timed out. (read timeout=12)
2024-10-16 21:03:50,972 - INFO - Skipping https://koyuncuk.com due to being N/A for some features.
2024-10-16 21:03:51,332 - ERROR - Exception : [WinError 10054] Varolan bir baðlantý uzaktaki bir ana bilgisayar tarafýndan zorla kapatýldý
2024-10-16 21:03:51,589 - ERROR - Exception : [WinError 10054] Varolan bir baðlantý uzaktaki bir ana bilgisayar tarafýndan zorla kapatýldý
2024-10-16 21:03:52,910 - ERROR - Exception : [WinError 10054] Varolan bir baðlantý uzaktaki bir ana bilgisayar tarafýndan zorla kapatýldý
2024-10-16 21:03:52,968 - ERROR - Exception : [WinError 10054] Varolan bir baðlantý uzaktaki bir ana bilgisayar tarafýndan zorla kapatýldý
2024-10-16 21:03:53,169 - ERROR - Exception : [WinError 10054] Varolan bir baðlantý uzaktaki bir ana bilgisayar tarafýndan zorla kapatýldý
2024-10-16 21:03:53,170 - ERROR - Exception : [WinError 10054] Varolan bir baðlantý uzaktaki bir ana bilgisayar tarafýndan zorla kapatýldý
2024-10-16 21:03:53,577 - ERROR - Exception : [WinError 10054] Varolan bir baðlantý uzaktaki bir ana bilgisayar tarafýndan zorla kapatýldý
2024-10-16 21:03:53,653 - ERROR - Exception : [WinError 10054] Varolan bir baðlantý uzaktaki bir ana bilgisayar tarafýndan zorla kapatýldý
2024-10-16 21:03:53,820 - ERROR - Exception : [WinError 10054] Varolan bir baðlantý uzaktaki bir ana bilgisayar tarafýndan zorla kapatýldý
2024-10-16 21:03:53,914 - ERROR - Exception : [WinError 10054] Varolan bir baðlantý uzaktaki bir ana bilgisayar tarafýndan zorla kapatýldý
2024-10-16 21:03:54,065 - ERROR - Exception : [WinError 10054] Varolan bir baðlantý uzaktaki bir ana bilgisayar tarafýndan zorla kapatýldý
2024-10-16 21:03:54,199 - ERROR - Exception : No entries found for the selected source(s).

>>> Last update of WHOIS database: 2024.10.17T00:03:45Z <<<

2024-10-16 21:03:54,340 - ERROR - Exception : [WinError 10054] Varolan bir baðlantý uzaktaki bir ana bilgisayar tarafýndan zorla kapatýldý
2024-10-16 21:03:54,343 - ERROR - Exception : [WinError 10054] Varolan bir baðlantý uzaktaki bir ana bilgisayar tarafýndan zorla kapatýldý
2024-10-16 21:03:54,434 - ERROR - Exception : [WinError 10054] Varolan bir baðlantý uzaktaki bir ana bilgisayar tarafýndan zorla kapatýldý
2024-10-16 21:03:54,434 - ERROR - Exception : [WinError 10054] Varolan bir baðlantý uzaktaki bir ana bilgisayar tarafýndan zorla kapatýldý
2024-10-16 21:03:54,476 - ERROR - Exception : [WinError 10054] Varolan bir baðlantý uzaktaki bir ana bilgisayar tarafýndan zorla kapatýldý
2024-10-16 21:03:54,486 - ERROR - Exception : [WinError 10054] Varolan bir baðlantý uzaktaki bir ana bilgisayar tarafýndan zorla kapatýldý
2024-10-16 21:03:54,678 - ERROR - Exception : [WinError 10054] Varolan bir baðlantý uzaktaki bir ana bilgisayar tarafýndan zorla kapatýldý
2024-10-16 21:03:54,713 - ERROR - Exception : [WinError 10054] Varolan bir baðlantý uzaktaki bir ana bilgisayar tarafýndan zorla kapatýldý
2024-10-16 21:03:54,772 - ERROR - Exception : [WinError 10054] Varolan bir baðlantý uzaktaki bir ana bilgisayar tarafýndan zorla kapatýldý
2024-10-16 21:03:54,831 - ERROR - Exception : [WinError 10054] Varolan bir baðlantý uzaktaki bir ana bilgisayar tarafýndan zorla kapatýldý
2024-10-16 21:03:54,858 - ERROR - Exception : [WinError 10054] Varolan bir baðlantý uzaktaki bir ana bilgisayar tarafýndan zorla kapatýldý
2024-10-16 21:03:54,971 - ERROR - Exception : [WinError 10054] Varolan bir baðlantý uzaktaki bir ana bilgisayar tarafýndan zorla kapatýldý
2024-10-16 21:03:55,247 - ERROR - Exception : [WinError 10054] Varolan bir baðlantý uzaktaki bir ana bilgisayar tarafýndan zorla kapatýldý
2024-10-16 21:03:55,511 - ERROR - Exception : [WinError 10054] Varolan bir baðlantý uzaktaki bir ana bilgisayar tarafýndan zorla kapatýldý
2024-10-16 21:03:55,556 - ERROR - Exception : [WinError 10054] Varolan bir baðlantý uzaktaki bir ana bilgisayar tarafýndan zorla kapatýldý
2024-10-16 21:03:55,573 - ERROR - Exception : [WinError 10054] Varolan bir baðlantý uzaktaki bir ana bilgisayar tarafýndan zorla kapatýldý
2024-10-16 21:03:55,573 - ERROR - Exception : [WinError 10054] Varolan bir baðlantý uzaktaki bir ana bilgisayar tarafýndan zorla kapatýldý
2024-10-16 21:03:55,622 - ERROR - Exception : [WinError 10054] Varolan bir baðlantý uzaktaki bir ana bilgisayar tarafýndan zorla kapatýldý
2024-10-16 21:03:55,693 - ERROR - Exception : [WinError 10054] Varolan bir baðlantý uzaktaki bir ana bilgisayar tarafýndan zorla kapatýldý
2024-10-16 21:03:55,693 - ERROR - Exception : [WinError 10054] Varolan bir baðlantý uzaktaki bir ana bilgisayar tarafýndan zorla kapatýldý
2024-10-16 21:03:56,136 - ERROR - Exception : [WinError 10054] Varolan bir baðlantý uzaktaki bir ana bilgisayar tarafýndan zorla kapatýldý
2024-10-16 21:03:56,313 - ERROR - Exception : [WinError 10054] Varolan bir baðlantý uzaktaki bir ana bilgisayar tarafýndan zorla kapatýldý
2024-10-16 21:03:56,380 - ERROR - Exception : [WinError 10054] Varolan bir baðlantý uzaktaki bir ana bilgisayar tarafýndan zorla kapatýldý
2024-10-16 21:03:56,550 - ERROR - Exception : [WinError 10054] Varolan bir baðlantý uzaktaki bir ana bilgisayar tarafýndan zorla kapatýldý
2024-10-16 21:03:56,743 - ERROR - Exception : [WinError 10054] Varolan bir baðlantý uzaktaki bir ana bilgisayar tarafýndan zorla kapatýldý
2024-10-16 21:03:56,744 - ERROR - Exception : [WinError 10054] Varolan bir baðlantý uzaktaki bir ana bilgisayar tarafýndan zorla kapatýldý
2024-10-16 21:03:56,780 - ERROR - Exception : [WinError 10054] Varolan bir baðlantý uzaktaki bir ana bilgisayar tarafýndan zorla kapatýldý
2024-10-16 21:03:57,009 - ERROR - Exception : [WinError 10054] Varolan bir baðlantý uzaktaki bir ana bilgisayar tarafýndan zorla kapatýldý
2024-10-16 21:03:57,077 - ERROR - Exception : [WinError 10054] Varolan bir baðlantý uzaktaki bir ana bilgisayar tarafýndan zorla kapatýldý
2024-10-16 21:03:57,126 - ERROR - Exception : [WinError 10054] Varolan bir baðlantý uzaktaki bir ana bilgisayar tarafýndan zorla kapatýldý
2024-10-16 21:03:57,356 - ERROR - Exception : [WinError 10054] Varolan bir baðlantý uzaktaki bir ana bilgisayar tarafýndan zorla kapatýldý
2024-10-16 21:03:57,807 - ERROR - Exception : [WinError 10054] Varolan bir baðlantý uzaktaki bir ana bilgisayar tarafýndan zorla kapatýldý
2024-10-16 21:03:58,204 - ERROR - Exception : [WinError 10054] Varolan bir baðlantý uzaktaki bir ana bilgisayar tarafýndan zorla kapatýldý
2024-10-16 21:03:58,205 - ERROR - Exception : [WinError 10054] Varolan bir baðlantý uzaktaki bir ana bilgisayar tarafýndan zorla kapatýldý
2024-10-16 21:03:59,857 - ERROR - Exception : [WinError 10054] Varolan bir baðlantý uzaktaki bir ana bilgisayar tarafýndan zorla kapatýldý
2024-10-16 21:03:59,959 - ERROR - Exception : [WinError 10054] Varolan bir baðlantý uzaktaki bir ana bilgisayar tarafýndan zorla kapatýldý
2024-10-16 21:04:00,992 - ERROR - Exception : [WinError 10054] Varolan bir baðlantý uzaktaki bir ana bilgisayar tarafýndan zorla kapatýldý
2024-10-16 21:04:01,132 - ERROR - Exception : [WinError 10054] Varolan bir baðlantý uzaktaki bir ana bilgisayar tarafýndan zorla kapatýldý
2024-10-16 21:04:01,134 - ERROR - Exception : No entries found for the selected source(s).

>>> Last update of WHOIS database: 2024.10.17T00:03:52Z <<<

2024-10-16 21:04:03,292 - ERROR - Exception : [WinError 10054] Varolan bir baðlantý uzaktaki bir ana bilgisayar tarafýndan zorla kapatýldý
2024-10-16 21:04:03,594 - ERROR - Exception : [WinError 10054] Varolan bir baðlantý uzaktaki bir ana bilgisayar tarafýndan zorla kapatýldý
2024-10-16 21:04:03,923 - ERROR - Exception : [WinError 10054] Varolan bir baðlantý uzaktaki bir ana bilgisayar tarafýndan zorla kapatýldý
2024-10-16 21:04:04,159 - ERROR - Exception : [WinError 10054] Varolan bir baðlantý uzaktaki bir ana bilgisayar tarafýndan zorla kapatýldý
2024-10-16 21:04:04,734 - ERROR - Exception : [WinError 10054] Varolan bir baðlantý uzaktaki bir ana bilgisayar tarafýndan zorla kapatýldý
2024-10-16 21:04:05,006 - ERROR - Exception : [WinError 10054] Varolan bir baðlantý uzaktaki bir ana bilgisayar tarafýndan zorla kapatýldý
2024-10-16 21:04:05,674 - ERROR - Exception : [WinError 10054] Varolan bir baðlantý uzaktaki bir ana bilgisayar tarafýndan zorla kapatýldý
2024-10-16 21:04:05,806 - ERROR - Exception : [WinError 10054] Varolan bir baðlantý uzaktaki bir ana bilgisayar tarafýndan zorla kapatýldý
2024-10-16 21:04:05,866 - ERROR - Exception : [WinError 10054] Varolan bir baðlantý uzaktaki bir ana bilgisayar tarafýndan zorla kapatýldý
2024-10-16 21:04:05,877 - ERROR - Exception : [WinError 10054] Varolan bir baðlantý uzaktaki bir ana bilgisayar tarafýndan zorla kapatýldý
2024-10-16 21:04:06,040 - ERROR - Exception : [WinError 10054] Varolan bir baðlantý uzaktaki bir ana bilgisayar tarafýndan zorla kapatýldý
2024-10-16 21:04:06,111 - ERROR - Exception : [WinError 10054] Varolan bir baðlantý uzaktaki bir ana bilgisayar tarafýndan zorla kapatýldý
2024-10-16 21:04:06,174 - ERROR - Exception : [WinError 10054] Varolan bir baðlantý uzaktaki bir ana bilgisayar tarafýndan zorla kapatýldý
2024-10-16 21:04:06,178 - ERROR - Exception : HTTPSConnectionPool(host='jeux-gratuits.com', port=443): Max retries exceeded with url: / (Caused by ConnectTimeoutError(<urllib3.connection.HTTPSConnection object at 0x0000017989C1A210>, 'Connection to jeux-gratuits.com timed out. (connect timeout=12)'))
2024-10-16 21:04:06,323 - ERROR - Exception : [WinError 10054] Varolan bir baðlantý uzaktaki bir ana bilgisayar tarafýndan zorla kapatýldý
2024-10-16 21:04:06,725 - ERROR - Exception : [WinError 10054] Varolan bir baðlantý uzaktaki bir ana bilgisayar tarafýndan zorla kapatýldý
2024-10-16 21:04:06,807 - ERROR - Exception : [WinError 10054] Varolan bir baðlantý uzaktaki bir ana bilgisayar tarafýndan zorla kapatýldý
2024-10-16 21:04:06,886 - ERROR - Exception : [WinError 10054] Varolan bir baðlantý uzaktaki bir ana bilgisayar tarafýndan zorla kapatýldý
2024-10-16 21:04:06,887 - ERROR - Exception : [WinError 10054] Varolan bir baðlantý uzaktaki bir ana bilgisayar tarafýndan zorla kapatýldý
2024-10-16 21:04:06,888 - ERROR - Exception : [WinError 10054] Varolan bir baðlantý uzaktaki bir ana bilgisayar tarafýndan zorla kapatýldý
2024-10-16 21:04:07,117 - ERROR - Exception : [WinError 10054] Varolan bir baðlantý uzaktaki bir ana bilgisayar tarafýndan zorla kapatýldý
2024-10-16 21:04:07,278 - ERROR - Exception : [WinError 10054] Varolan bir baðlantý uzaktaki bir ana bilgisayar tarafýndan zorla kapatýldý
2024-10-16 21:04:07,386 - ERROR - Exception : [WinError 10054] Varolan bir baðlantý uzaktaki bir ana bilgisayar tarafýndan zorla kapatýldý
2024-10-16 21:04:07,448 - ERROR - Exception : [WinError 10054] Varolan bir baðlantý uzaktaki bir ana bilgisayar tarafýndan zorla kapatýldý
2024-10-16 21:04:07,601 - ERROR - Exception : [WinError 10054] Varolan bir baðlantý uzaktaki bir ana bilgisayar tarafýndan zorla kapatýldý
2024-10-16 21:04:07,602 - ERROR - Exception : [WinError 10054] Varolan bir baðlantý uzaktaki bir ana bilgisayar tarafýndan zorla kapatýldý
2024-10-16 21:04:07,602 - ERROR - Exception : [WinError 10054] Varolan bir baðlantý uzaktaki bir ana bilgisayar tarafýndan zorla kapatýldý
2024-10-16 21:04:07,678 - ERROR - Exception : [WinError 10054] Varolan bir baðlantý uzaktaki bir ana bilgisayar tarafýndan zorla kapatýldý
2024-10-16 21:04:07,757 - ERROR - Exception : [WinError 10054] Varolan bir baðlantý uzaktaki bir ana bilgisayar tarafýndan zorla kapatýldý
2024-10-16 21:04:07,862 - ERROR - Exception : [WinError 10054] Varolan bir baðlantý uzaktaki bir ana bilgisayar tarafýndan zorla kapatýldý
2024-10-16 21:04:07,939 - ERROR - Exception : [WinError 10054] Varolan bir baðlantý uzaktaki bir ana bilgisayar tarafýndan zorla kapatýldý
2024-10-16 21:04:07,945 - ERROR - Exception : [WinError 10054] Varolan bir baðlantý uzaktaki bir ana bilgisayar tarafýndan zorla kapatýldý
2024-10-16 21:04:08,261 - ERROR - Exception : [WinError 10054] Varolan bir baðlantý uzaktaki bir ana bilgisayar tarafýndan zorla kapatýldý
2024-10-16 21:04:08,266 - ERROR - Exception : [WinError 10054] Varolan bir baðlantý uzaktaki bir ana bilgisayar tarafýndan zorla kapatýldý
2024-10-16 21:04:08,310 - ERROR - Exception : [WinError 10054] Varolan bir baðlantý uzaktaki bir ana bilgisayar tarafýndan zorla kapatýldý
2024-10-16 21:04:08,567 - ERROR - Exception : [WinError 10054] Varolan bir baðlantý uzaktaki bir ana bilgisayar tarafýndan zorla kapatýldý
2024-10-16 21:04:08,568 - ERROR - Exception : [WinError 10054] Varolan bir baðlantý uzaktaki bir ana bilgisayar tarafýndan zorla kapatýldý
2024-10-16 21:04:08,948 - ERROR - Exception : [WinError 10054] Varolan bir baðlantý uzaktaki bir ana bilgisayar tarafýndan zorla kapatýldý
2024-10-16 21:04:09,085 - ERROR - Exception : [WinError 10054] Varolan bir baðlantý uzaktaki bir ana bilgisayar tarafýndan zorla kapatýldý
2024-10-16 21:04:09,373 - ERROR - Exception : [WinError 10054] Varolan bir baðlantý uzaktaki bir ana bilgisayar tarafýndan zorla kapatýldý
2024-10-16 21:04:09,893 - ERROR - Exception : [WinError 10054] Varolan bir baðlantý uzaktaki bir ana bilgisayar tarafýndan zorla kapatýldý
2024-10-16 21:04:10,039 - ERROR - Exception : [WinError 10054] Varolan bir baðlantý uzaktaki bir ana bilgisayar tarafýndan zorla kapatýldý
2024-10-16 21:04:10,186 - ERROR - Exception : [WinError 10054] Varolan bir baðlantý uzaktaki bir ana bilgisayar tarafýndan zorla kapatýldý
2024-10-16 21:04:10,308 - ERROR - Exception : No entries found for the selected source(s).

>>> Last update of WHOIS database: 2024.10.17T00:04:01Z <<<

2024-10-16 21:04:10,340 - ERROR - Exception : [WinError 10054] Varolan bir baðlantý uzaktaki bir ana bilgisayar tarafýndan zorla kapatýldý
2024-10-16 21:04:10,587 - ERROR - Exception : [WinError 10054] Varolan bir baðlantý uzaktaki bir ana bilgisayar tarafýndan zorla kapatýldý
2024-10-16 21:04:10,737 - ERROR - Exception : [WinError 10054] Varolan bir baðlantý uzaktaki bir ana bilgisayar tarafýndan zorla kapatýldý
2024-10-16 21:04:11,045 - ERROR - Exception : [WinError 10054] Varolan bir baðlantý uzaktaki bir ana bilgisayar tarafýndan zorla kapatýldý
2024-10-16 21:04:11,555 - ERROR - Exception : [WinError 10054] Varolan bir baðlantý uzaktaki bir ana bilgisayar tarafýndan zorla kapatýldý
2024-10-16 21:04:11,980 - ERROR - Exception : [WinError 10054] Varolan bir baðlantý uzaktaki bir ana bilgisayar tarafýndan zorla kapatýldý
2024-10-16 21:04:12,047 - ERROR - Exception : [WinError 10054] Varolan bir baðlantý uzaktaki bir ana bilgisayar tarafýndan zorla kapatýldý
2024-10-16 21:04:12,387 - ERROR - Exception : [WinError 10054] Varolan bir baðlantý uzaktaki bir ana bilgisayar tarafýndan zorla kapatýldý
2024-10-16 21:04:12,405 - ERROR - Exception : [WinError 10054] Varolan bir baðlantý uzaktaki bir ana bilgisayar tarafýndan zorla kapatýldý
2024-10-16 21:04:12,414 - ERROR - Exception : [WinError 10054] Varolan bir baðlantý uzaktaki bir ana bilgisayar tarafýndan zorla kapatýldý
2024-10-16 21:04:12,416 - ERROR - Exception : [WinError 10054] Varolan bir baðlantý uzaktaki bir ana bilgisayar tarafýndan zorla kapatýldý
2024-10-16 21:04:12,507 - ERROR - Exception : [WinError 10054] Varolan bir baðlantý uzaktaki bir ana bilgisayar tarafýndan zorla kapatýldý
2024-10-16 21:04:12,642 - ERROR - Exception : [WinError 10054] Varolan bir baðlantý uzaktaki bir ana bilgisayar tarafýndan zorla kapatýldý
2024-10-16 21:04:12,683 - ERROR - Exception : [WinError 10054] Varolan bir baðlantý uzaktaki bir ana bilgisayar tarafýndan zorla kapatýldý
2024-10-16 21:04:12,684 - ERROR - Exception : [WinError 10054] Varolan bir baðlantý uzaktaki bir ana bilgisayar tarafýndan zorla kapatýldý
2024-10-16 21:04:12,705 - ERROR - Exception : [WinError 10054] Varolan bir baðlantý uzaktaki bir ana bilgisayar tarafýndan zorla kapatýldý
2024-10-16 21:04:12,748 - ERROR - Exception : [WinError 10054] Varolan bir baðlantý uzaktaki bir ana bilgisayar tarafýndan zorla kapatýldý
2024-10-16 21:04:12,949 - ERROR - Exception : [WinError 10054] Varolan bir baðlantý uzaktaki bir ana bilgisayar tarafýndan zorla kapatýldý
2024-10-16 21:04:13,061 - ERROR - Exception : [WinError 10054] Varolan bir baðlantý uzaktaki bir ana bilgisayar tarafýndan zorla kapatýldý
2024-10-16 21:04:13,416 - ERROR - Exception : timed out
2024-10-16 21:04:13,419 - ERROR - Exception : [WinError 10054] Varolan bir baðlantý uzaktaki bir ana bilgisayar tarafýndan zorla kapatýldý
2024-10-16 21:04:13,419 - ERROR - Exception : [WinError 10054] Varolan bir baðlantý uzaktaki bir ana bilgisayar tarafýndan zorla kapatýldý
2024-10-16 21:04:13,760 - ERROR - Exception : [WinError 10054] Varolan bir baðlantý uzaktaki bir ana bilgisayar tarafýndan zorla kapatýldý
2024-10-16 21:04:13,963 - ERROR - Exception : [WinError 10054] Varolan bir baðlantý uzaktaki bir ana bilgisayar tarafýndan zorla kapatýldý
2024-10-16 21:04:14,497 - ERROR - Exception : [WinError 10054] Varolan bir baðlantý uzaktaki bir ana bilgisayar tarafýndan zorla kapatýldý
2024-10-16 21:04:14,835 - ERROR - Exception : [WinError 10054] Varolan bir baðlantý uzaktaki bir ana bilgisayar tarafýndan zorla kapatýldý
2024-10-16 21:04:15,354 - ERROR - Exception : [WinError 10054] Varolan bir baðlantý uzaktaki bir ana bilgisayar tarafýndan zorla kapatýldý
2024-10-16 21:04:15,630 - ERROR - Exception : Not found: lotfp.blogspot.ca

%
% Use of CIRA's WHOIS service is governed by the Terms of Use in its Legal
% Notice, available at http://www.cira.ca/legal-notice/?lang=en
%
% (c) 2024 Canadian Internet Registration Authority, (http://www.cira.ca/)

2024-10-16 21:04:16,059 - ERROR - Exception : [WinError 10054] Varolan bir baðlantý uzaktaki bir ana bilgisayar tarafýndan zorla kapatýldý
2024-10-16 21:04:16,152 - ERROR - Exception : [WinError 10054] Varolan bir baðlantý uzaktaki bir ana bilgisayar tarafýndan zorla kapatýldý
2024-10-16 21:04:16,257 - ERROR - Exception : [WinError 10054] Varolan bir baðlantý uzaktaki bir ana bilgisayar tarafýndan zorla kapatýldý
2024-10-16 21:04:16,412 - ERROR - Exception : [WinError 10054] Varolan bir baðlantý uzaktaki bir ana bilgisayar tarafýndan zorla kapatýldý
2024-10-16 21:04:16,585 - ERROR - Exception : [WinError 10054] Varolan bir baðlantý uzaktaki bir ana bilgisayar tarafýndan zorla kapatýldý
2024-10-16 21:04:16,812 - ERROR - Exception : HTTPSConnectionPool(host='legendcrafttr.com', port=443): Read timed out. (read timeout=12)
2024-10-16 21:04:16,853 - ERROR - Exception : [WinError 10054] Varolan bir baðlantý uzaktaki bir ana bilgisayar tarafýndan zorla kapatýldý
2024-10-16 21:04:16,979 - ERROR - Exception : [WinError 10054] Varolan bir baðlantý uzaktaki bir ana bilgisayar tarafýndan zorla kapatýldý
2024-10-16 21:04:17,318 - ERROR - Exception : [WinError 10054] Varolan bir baðlantý uzaktaki bir ana bilgisayar tarafýndan zorla kapatýldý
2024-10-16 21:04:21,769 - ERROR - Exception : No entries found for the selected source(s).

>>> Last update of WHOIS database: 2024.10.17T00:04:13Z <<<

2024-10-16 21:04:23,281 - ERROR - Exception : [WinError 10054] Varolan bir baðlantý uzaktaki bir ana bilgisayar tarafýndan zorla kapatýldý
2024-10-16 21:04:23,518 - ERROR - Exception : [WinError 10054] Varolan bir baðlantý uzaktaki bir ana bilgisayar tarafýndan zorla kapatýldý
2024-10-16 21:04:23,518 - ERROR - Exception : [WinError 10054] Varolan bir baðlantý uzaktaki bir ana bilgisayar tarafýndan zorla kapatýldý
2024-10-16 21:04:23,566 - ERROR - Exception : [WinError 10054] Varolan bir baðlantý uzaktaki bir ana bilgisayar tarafýndan zorla kapatýldý
2024-10-16 21:04:23,591 - ERROR - Exception : [WinError 10054] Varolan bir baðlantý uzaktaki bir ana bilgisayar tarafýndan zorla kapatýldý
2024-10-16 21:04:23,737 - ERROR - Exception : [WinError 10054] Varolan bir baðlantý uzaktaki bir ana bilgisayar tarafýndan zorla kapatýldý
2024-10-16 21:04:23,952 - ERROR - Exception : [WinError 10054] Varolan bir baðlantý uzaktaki bir ana bilgisayar tarafýndan zorla kapatýldý
2024-10-16 21:04:24,475 - ERROR - Exception : [WinError 10054] Varolan bir baðlantý uzaktaki bir ana bilgisayar tarafýndan zorla kapatýldý
2024-10-16 21:04:24,583 - ERROR - Exception : [WinError 10054] Varolan bir baðlantý uzaktaki bir ana bilgisayar tarafýndan zorla kapatýldý
2024-10-16 21:04:24,628 - ERROR - Exception : [WinError 10054] Varolan bir baðlantý uzaktaki bir ana bilgisayar tarafýndan zorla kapatýldý
2024-10-16 21:04:24,720 - ERROR - Exception : [WinError 10054] Varolan bir baðlantý uzaktaki bir ana bilgisayar tarafýndan zorla kapatýldý
2024-10-16 21:04:25,189 - ERROR - Exception : [WinError 10054] Varolan bir baðlantý uzaktaki bir ana bilgisayar tarafýndan zorla kapatýldý
2024-10-16 21:04:25,290 - ERROR - Exception : [WinError 10054] Varolan bir baðlantý uzaktaki bir ana bilgisayar tarafýndan zorla kapatýldý
2024-10-16 21:04:26,537 - ERROR - Exception : [WinError 10054] Varolan bir baðlantý uzaktaki bir ana bilgisayar tarafýndan zorla kapatýldý
2024-10-16 21:04:26,676 - ERROR - Exception : [WinError 10054] Varolan bir baðlantý uzaktaki bir ana bilgisayar tarafýndan zorla kapatýldý
2024-10-16 21:04:26,724 - ERROR - Exception : [WinError 10054] Varolan bir baðlantý uzaktaki bir ana bilgisayar tarafýndan zorla kapatýldý
2024-10-16 21:04:26,999 - ERROR - Exception : [WinError 10054] Varolan bir baðlantý uzaktaki bir ana bilgisayar tarafýndan zorla kapatýldý
2024-10-16 21:04:27,244 - ERROR - Exception : [WinError 10054] Varolan bir baðlantý uzaktaki bir ana bilgisayar tarafýndan zorla kapatýldý
2024-10-16 21:04:27,451 - ERROR - Exception : [WinError 10054] Varolan bir baðlantý uzaktaki bir ana bilgisayar tarafýndan zorla kapatýldý
2024-10-16 21:04:27,807 - ERROR - Exception : [WinError 10054] Varolan bir baðlantý uzaktaki bir ana bilgisayar tarafýndan zorla kapatýldý
2024-10-16 21:04:27,861 - ERROR - Exception : [WinError 10054] Varolan bir baðlantý uzaktaki bir ana bilgisayar tarafýndan zorla kapatýldý
2024-10-16 21:04:27,893 - ERROR - Exception : [WinError 10054] Varolan bir baðlantý uzaktaki bir ana bilgisayar tarafýndan zorla kapatýldý
2024-10-16 21:04:28,309 - ERROR - Exception : [WinError 10054] Varolan bir baðlantý uzaktaki bir ana bilgisayar tarafýndan zorla kapatýldý
2024-10-16 21:04:28,426 - ERROR - Exception : [WinError 10054] Varolan bir baðlantý uzaktaki bir ana bilgisayar tarafýndan zorla kapatýldý
2024-10-16 21:04:29,044 - ERROR - Exception : [WinError 10054] Varolan bir baðlantý uzaktaki bir ana bilgisayar tarafýndan zorla kapatýldý
2024-10-16 21:04:29,335 - ERROR - Exception : [WinError 10054] Varolan bir baðlantý uzaktaki bir ana bilgisayar tarafýndan zorla kapatýldý
2024-10-16 21:04:29,429 - ERROR - Exception : [WinError 10054] Varolan bir baðlantý uzaktaki bir ana bilgisayar tarafýndan zorla kapatýldý
2024-10-16 21:04:29,567 - ERROR - Exception : [WinError 10054] Varolan bir baðlantý uzaktaki bir ana bilgisayar tarafýndan zorla kapatýldý
2024-10-16 21:04:29,734 - ERROR - Exception : [WinError 10054] Varolan bir baðlantý uzaktaki bir ana bilgisayar tarafýndan zorla kapatýldý
2024-10-16 21:04:29,813 - ERROR - Exception : [WinError 10054] Varolan bir baðlantý uzaktaki bir ana bilgisayar tarafýndan zorla kapatýldý
2024-10-16 21:04:30,021 - ERROR - Exception : [WinError 10054] Varolan bir baðlantý uzaktaki bir ana bilgisayar tarafýndan zorla kapatýldý
2024-10-16 21:04:30,262 - ERROR - Exception : 403 Client Error: Forbidden for url: https://m0rkeulv.net/
2024-10-16 21:04:30,262 - INFO - Skipping https://m0rkeulv.net due to being N/A for some features.
2024-10-16 21:04:30,506 - ERROR - Exception : [WinError 10054] Varolan bir baðlantý uzaktaki bir ana bilgisayar tarafýndan zorla kapatýldý
2024-10-16 21:04:30,543 - ERROR - Exception : [WinError 10054] Varolan bir baðlantý uzaktaki bir ana bilgisayar tarafýndan zorla kapatýldý
2024-10-16 21:04:30,783 - ERROR - Exception : [WinError 10054] Varolan bir baðlantý uzaktaki bir ana bilgisayar tarafýndan zorla kapatýldý
2024-10-16 21:04:31,101 - ERROR - Exception : [WinError 10054] Varolan bir baðlantý uzaktaki bir ana bilgisayar tarafýndan zorla kapatýldý
2024-10-16 21:04:31,133 - ERROR - Exception : [WinError 10054] Varolan bir baðlantý uzaktaki bir ana bilgisayar tarafýndan zorla kapatýldý
2024-10-16 21:04:31,190 - ERROR - Exception : [WinError 10054] Varolan bir baðlantý uzaktaki bir ana bilgisayar tarafýndan zorla kapatýldý
2024-10-16 21:04:31,595 - ERROR - Exception : HTTPSConnectionPool(host='lottobay.de', port=443): Max retries exceeded with url: / (Caused by NameResolutionError("<urllib3.connection.HTTPSConnection object at 0x0000017989B2D150>: Failed to resolve 'lottobay.de' ([Errno 11001] getaddrinfo failed)"))
2024-10-16 21:04:31,626 - INFO - Skipping https://lottobay.de due to being N/A for some features.
2024-10-16 21:04:31,754 - ERROR - Exception : [WinError 10054] Varolan bir baðlantý uzaktaki bir ana bilgisayar tarafýndan zorla kapatýldý
2024-10-16 21:04:32,114 - ERROR - Exception : [WinError 10054] Varolan bir baðlantý uzaktaki bir ana bilgisayar tarafýndan zorla kapatýldý
2024-10-16 21:04:32,114 - ERROR - Exception : [WinError 10054] Varolan bir baðlantý uzaktaki bir ana bilgisayar tarafýndan zorla kapatýldý
2024-10-16 21:04:32,343 - ERROR - Exception : [WinError 10054] Varolan bir baðlantý uzaktaki bir ana bilgisayar tarafýndan zorla kapatýldý
2024-10-16 21:04:32,466 - ERROR - Exception : [WinError 10054] Varolan bir baðlantý uzaktaki bir ana bilgisayar tarafýndan zorla kapatýldý
2024-10-16 21:04:32,576 - ERROR - Exception : [WinError 10054] Varolan bir baðlantý uzaktaki bir ana bilgisayar tarafýndan zorla kapatýldý
2024-10-16 21:04:32,599 - ERROR - Exception : [WinError 10054] Varolan bir baðlantý uzaktaki bir ana bilgisayar tarafýndan zorla kapatýldý
2024-10-16 21:04:32,602 - ERROR - Exception : [WinError 10054] Varolan bir baðlantý uzaktaki bir ana bilgisayar tarafýndan zorla kapatýldý
2024-10-16 21:04:32,646 - ERROR - Exception : [WinError 10054] Varolan bir baðlantý uzaktaki bir ana bilgisayar tarafýndan zorla kapatýldý
2024-10-16 21:04:32,665 - ERROR - Exception : [WinError 10054] Varolan bir baðlantý uzaktaki bir ana bilgisayar tarafýndan zorla kapatýldý
2024-10-16 21:04:32,773 - ERROR - Exception : [WinError 10054] Varolan bir baðlantý uzaktaki bir ana bilgisayar tarafýndan zorla kapatýldý
2024-10-16 21:04:32,788 - ERROR - Exception : [WinError 10054] Varolan bir baðlantý uzaktaki bir ana bilgisayar tarafýndan zorla kapatýldý
2024-10-16 21:04:33,307 - ERROR - Exception : [WinError 10054] Varolan bir baðlantý uzaktaki bir ana bilgisayar tarafýndan zorla kapatýldý
2024-10-16 21:04:33,309 - ERROR - Exception : [WinError 10054] Varolan bir baðlantý uzaktaki bir ana bilgisayar tarafýndan zorla kapatýldý
2024-10-16 21:04:33,699 - ERROR - Exception : [WinError 10054] Varolan bir baðlantý uzaktaki bir ana bilgisayar tarafýndan zorla kapatýldý
2024-10-16 21:04:33,999 - ERROR - Exception : [WinError 10054] Varolan bir baðlantý uzaktaki bir ana bilgisayar tarafýndan zorla kapatýldý
2024-10-16 21:04:34,002 - ERROR - Exception : [WinError 10054] Varolan bir baðlantý uzaktaki bir ana bilgisayar tarafýndan zorla kapatýldý
2024-10-16 21:04:34,007 - ERROR - Exception : [WinError 10054] Varolan bir baðlantý uzaktaki bir ana bilgisayar tarafýndan zorla kapatýldý
2024-10-16 21:04:34,056 - ERROR - Exception : [WinError 10054] Varolan bir baðlantý uzaktaki bir ana bilgisayar tarafýndan zorla kapatýldý
2024-10-16 21:04:34,057 - ERROR - Exception : [WinError 10054] Varolan bir baðlantý uzaktaki bir ana bilgisayar tarafýndan zorla kapatýldý
2024-10-16 21:04:34,058 - ERROR - Exception : [WinError 10054] Varolan bir baðlantý uzaktaki bir ana bilgisayar tarafýndan zorla kapatýldý
2024-10-16 21:04:34,102 - ERROR - Exception : [WinError 10054] Varolan bir baðlantý uzaktaki bir ana bilgisayar tarafýndan zorla kapatýldý
2024-10-16 21:04:34,131 - ERROR - Exception : [WinError 10054] Varolan bir baðlantý uzaktaki bir ana bilgisayar tarafýndan zorla kapatýldý
2024-10-16 21:04:34,175 - ERROR - Exception : [WinError 10054] Varolan bir baðlantý uzaktaki bir ana bilgisayar tarafýndan zorla kapatýldý
2024-10-16 21:04:34,364 - ERROR - Exception : [WinError 10054] Varolan bir baðlantý uzaktaki bir ana bilgisayar tarafýndan zorla kapatýldý
2024-10-16 21:04:34,513 - ERROR - Exception : [WinError 10054] Varolan bir baðlantý uzaktaki bir ana bilgisayar tarafýndan zorla kapatýldý
2024-10-16 21:04:34,745 - ERROR - Exception : [WinError 10054] Varolan bir baðlantý uzaktaki bir ana bilgisayar tarafýndan zorla kapatýldý
2024-10-16 21:04:34,766 - ERROR - Exception : [WinError 10054] Varolan bir baðlantý uzaktaki bir ana bilgisayar tarafýndan zorla kapatýldý
2024-10-16 21:04:34,826 - ERROR - Exception : [WinError 10054] Varolan bir baðlantý uzaktaki bir ana bilgisayar tarafýndan zorla kapatýldý
2024-10-16 21:04:34,854 - ERROR - Exception : [WinError 10054] Varolan bir baðlantý uzaktaki bir ana bilgisayar tarafýndan zorla kapatýldý
2024-10-16 21:04:35,382 - ERROR - Exception : [WinError 10054] Varolan bir baðlantý uzaktaki bir ana bilgisayar tarafýndan zorla kapatýldý
2024-10-16 21:04:35,383 - ERROR - Exception : [WinError 10054] Varolan bir baðlantý uzaktaki bir ana bilgisayar tarafýndan zorla kapatýldý
2024-10-16 21:04:35,507 - ERROR - Exception : [WinError 10054] Varolan bir baðlantý uzaktaki bir ana bilgisayar tarafýndan zorla kapatýldý
2024-10-16 21:04:35,672 - ERROR - Exception : [WinError 10054] Varolan bir baðlantý uzaktaki bir ana bilgisayar tarafýndan zorla kapatýldý
2024-10-16 21:04:35,947 - ERROR - Exception : [WinError 10054] Varolan bir baðlantý uzaktaki bir ana bilgisayar tarafýndan zorla kapatýldý
2024-10-16 21:04:35,952 - ERROR - Exception : [WinError 10054] Varolan bir baðlantý uzaktaki bir ana bilgisayar tarafýndan zorla kapatýldý
2024-10-16 21:04:36,178 - ERROR - Exception : [WinError 10054] Varolan bir baðlantý uzaktaki bir ana bilgisayar tarafýndan zorla kapatýldý
2024-10-16 21:04:36,203 - ERROR - Exception : [WinError 10054] Varolan bir baðlantý uzaktaki bir ana bilgisayar tarafýndan zorla kapatýldý
2024-10-16 21:04:36,246 - ERROR - Exception : [WinError 10054] Varolan bir baðlantý uzaktaki bir ana bilgisayar tarafýndan zorla kapatýldý
2024-10-16 21:04:36,850 - ERROR - Exception : [WinError 10054] Varolan bir baðlantý uzaktaki bir ana bilgisayar tarafýndan zorla kapatýldý
2024-10-16 21:04:36,981 - ERROR - Exception : [WinError 10054] Varolan bir baðlantý uzaktaki bir ana bilgisayar tarafýndan zorla kapatýldý
2024-10-16 21:04:37,451 - ERROR - Exception : [WinError 10054] Varolan bir baðlantý uzaktaki bir ana bilgisayar tarafýndan zorla kapatýldý
2024-10-16 21:04:37,971 - ERROR - Exception : [WinError 10054] Varolan bir baðlantý uzaktaki bir ana bilgisayar tarafýndan zorla kapatýldý
2024-10-16 21:04:37,973 - ERROR - Exception : [WinError 10054] Varolan bir baðlantý uzaktaki bir ana bilgisayar tarafýndan zorla kapatýldý
2024-10-16 21:04:38,172 - ERROR - Exception : [WinError 10054] Varolan bir baðlantý uzaktaki bir ana bilgisayar tarafýndan zorla kapatýldý
2024-10-16 21:04:38,186 - ERROR - Exception : [WinError 10054] Varolan bir baðlantý uzaktaki bir ana bilgisayar tarafýndan zorla kapatýldý
2024-10-16 21:04:38,722 - ERROR - Exception : [WinError 10054] Varolan bir baðlantý uzaktaki bir ana bilgisayar tarafýndan zorla kapatýldý
2024-10-16 21:04:38,743 - ERROR - Exception : [WinError 10054] Varolan bir baðlantý uzaktaki bir ana bilgisayar tarafýndan zorla kapatýldý
2024-10-16 21:04:38,751 - ERROR - Exception : [WinError 10054] Varolan bir baðlantý uzaktaki bir ana bilgisayar tarafýndan zorla kapatýldý
2024-10-16 21:04:38,751 - ERROR - Exception : [WinError 10054] Varolan bir baðlantý uzaktaki bir ana bilgisayar tarafýndan zorla kapatýldý
2024-10-16 21:04:38,754 - ERROR - Exception : [WinError 10054] Varolan bir baðlantý uzaktaki bir ana bilgisayar tarafýndan zorla kapatýldý
2024-10-16 21:04:39,332 - ERROR - Exception : [WinError 10054] Varolan bir baðlantý uzaktaki bir ana bilgisayar tarafýndan zorla kapatýldý
2024-10-16 21:04:39,332 - ERROR - Exception : [WinError 10054] Varolan bir baðlantý uzaktaki bir ana bilgisayar tarafýndan zorla kapatýldý
2024-10-16 21:04:39,842 - ERROR - Exception : [WinError 10054] Varolan bir baðlantý uzaktaki bir ana bilgisayar tarafýndan zorla kapatýldý
2024-10-16 21:04:40,153 - ERROR - Exception : [WinError 10054] Varolan bir baðlantý uzaktaki bir ana bilgisayar tarafýndan zorla kapatýldý
2024-10-16 21:04:40,154 - ERROR - Exception : [WinError 10054] Varolan bir baðlantý uzaktaki bir ana bilgisayar tarafýndan zorla kapatýldý
2024-10-16 21:04:40,155 - ERROR - Exception : [WinError 10054] Varolan bir baðlantý uzaktaki bir ana bilgisayar tarafýndan zorla kapatýldý
2024-10-16 21:04:40,172 - ERROR - Exception : [WinError 10054] Varolan bir baðlantý uzaktaki bir ana bilgisayar tarafýndan zorla kapatýldý
2024-10-16 21:04:40,173 - ERROR - Exception : [WinError 10054] Varolan bir baðlantý uzaktaki bir ana bilgisayar tarafýndan zorla kapatýldý
2024-10-16 21:04:40,463 - ERROR - Exception : [WinError 10054] Varolan bir baðlantý uzaktaki bir ana bilgisayar tarafýndan zorla kapatýldý
2024-10-16 21:04:41,017 - ERROR - Exception : [WinError 10054] Varolan bir baðlantý uzaktaki bir ana bilgisayar tarafýndan zorla kapatýldý
2024-10-16 21:04:41,043 - ERROR - Exception : [WinError 10054] Varolan bir baðlantý uzaktaki bir ana bilgisayar tarafýndan zorla kapatýldý
2024-10-16 21:04:41,538 - ERROR - Exception : [WinError 10054] Varolan bir baðlantý uzaktaki bir ana bilgisayar tarafýndan zorla kapatýldý
2024-10-16 21:04:41,541 - ERROR - Exception : [WinError 10054] Varolan bir baðlantý uzaktaki bir ana bilgisayar tarafýndan zorla kapatýldý
2024-10-16 21:04:41,770 - ERROR - Exception : [WinError 10054] Varolan bir baðlantý uzaktaki bir ana bilgisayar tarafýndan zorla kapatýldý
2024-10-16 21:04:41,847 - ERROR - Exception : [WinError 10054] Varolan bir baðlantý uzaktaki bir ana bilgisayar tarafýndan zorla kapatýldý
2024-10-16 21:04:42,059 - ERROR - Exception : HTTPSConnectionPool(host='m6jeux.fr', port=443): Max retries exceeded with url: / (Caused by NameResolutionError("<urllib3.connection.HTTPSConnection object at 0x000001798C99D510>: Failed to resolve 'm6jeux.fr' ([Errno 11001] getaddrinfo failed)"))
2024-10-16 21:04:42,059 - INFO - Skipping https://m6jeux.fr due to being N/A for some features.
2024-10-16 21:04:42,446 - ERROR - Exception : [WinError 10054] Varolan bir baðlantý uzaktaki bir ana bilgisayar tarafýndan zorla kapatýldý
2024-10-16 21:04:42,768 - ERROR - Exception : [WinError 10054] Varolan bir baðlantý uzaktaki bir ana bilgisayar tarafýndan zorla kapatýldý
2024-10-16 21:04:42,768 - ERROR - Exception : [WinError 10054] Varolan bir baðlantý uzaktaki bir ana bilgisayar tarafýndan zorla kapatýldý
2024-10-16 21:04:42,799 - ERROR - Exception : [WinError 10054] Varolan bir baðlantý uzaktaki bir ana bilgisayar tarafýndan zorla kapatýldý
2024-10-16 21:04:43,175 - ERROR - Exception : [WinError 10054] Varolan bir baðlantý uzaktaki bir ana bilgisayar tarafýndan zorla kapatýldý
2024-10-16 21:04:43,176 - ERROR - Exception : [WinError 10054] Varolan bir baðlantý uzaktaki bir ana bilgisayar tarafýndan zorla kapatýldý
2024-10-16 21:04:43,178 - ERROR - Exception : [WinError 10054] Varolan bir baðlantý uzaktaki bir ana bilgisayar tarafýndan zorla kapatýldý
2024-10-16 21:04:43,571 - ERROR - Exception : [WinError 10054] Varolan bir baðlantý uzaktaki bir ana bilgisayar tarafýndan zorla kapatýldý
2024-10-16 21:04:43,574 - ERROR - Exception : [WinError 10054] Varolan bir baðlantý uzaktaki bir ana bilgisayar tarafýndan zorla kapatýldý
2024-10-16 21:04:43,756 - ERROR - Exception : [WinError 10054] Varolan bir baðlantý uzaktaki bir ana bilgisayar tarafýndan zorla kapatýldý
2024-10-16 21:04:43,760 - ERROR - Exception : [WinError 10054] Varolan bir baðlantý uzaktaki bir ana bilgisayar tarafýndan zorla kapatýldý
2024-10-16 21:04:43,954 - ERROR - Exception : [WinError 10054] Varolan bir baðlantý uzaktaki bir ana bilgisayar tarafýndan zorla kapatýldý
2024-10-16 21:04:43,957 - ERROR - Exception : [WinError 10054] Varolan bir baðlantý uzaktaki bir ana bilgisayar tarafýndan zorla kapatýldý
2024-10-16 21:04:44,092 - ERROR - Exception : [WinError 10054] Varolan bir baðlantý uzaktaki bir ana bilgisayar tarafýndan zorla kapatýldý
2024-10-16 21:04:44,202 - ERROR - Exception : [WinError 10054] Varolan bir baðlantý uzaktaki bir ana bilgisayar tarafýndan zorla kapatýldý
2024-10-16 21:04:44,532 - ERROR - Exception : [WinError 10054] Varolan bir baðlantý uzaktaki bir ana bilgisayar tarafýndan zorla kapatýldý
2024-10-16 21:04:44,534 - ERROR - Exception : [WinError 10054] Varolan bir baðlantý uzaktaki bir ana bilgisayar tarafýndan zorla kapatýldý
2024-10-16 21:04:44,540 - ERROR - Exception : [WinError 10054] Varolan bir baðlantý uzaktaki bir ana bilgisayar tarafýndan zorla kapatýldý
2024-10-16 21:04:44,546 - ERROR - Exception : [WinError 10054] Varolan bir baðlantý uzaktaki bir ana bilgisayar tarafýndan zorla kapatýldý
2024-10-16 21:04:46,618 - ERROR - Exception : [WinError 10054] Varolan bir baðlantý uzaktaki bir ana bilgisayar tarafýndan zorla kapatýldý
2024-10-16 21:04:46,618 - ERROR - Exception : [WinError 10054] Varolan bir baðlantý uzaktaki bir ana bilgisayar tarafýndan zorla kapatýldý
2024-10-16 21:04:46,620 - ERROR - Exception : [WinError 10054] Varolan bir baðlantý uzaktaki bir ana bilgisayar tarafýndan zorla kapatýldý
2024-10-16 21:04:46,747 - ERROR - Exception : [WinError 10054] Varolan bir baðlantý uzaktaki bir ana bilgisayar tarafýndan zorla kapatýldý
2024-10-16 21:04:46,777 - ERROR - Exception : [WinError 10054] Varolan bir baðlantý uzaktaki bir ana bilgisayar tarafýndan zorla kapatýldý
2024-10-16 21:04:46,793 - ERROR - Exception : [WinError 10054] Varolan bir baðlantý uzaktaki bir ana bilgisayar tarafýndan zorla kapatýldý
2024-10-16 21:04:47,852 - ERROR - Exception : [WinError 10054] Varolan bir baðlantý uzaktaki bir ana bilgisayar tarafýndan zorla kapatýldý
2024-10-16 21:04:47,854 - ERROR - Exception : [WinError 10054] Varolan bir baðlantý uzaktaki bir ana bilgisayar tarafýndan zorla kapatýldý
2024-10-16 21:04:48,001 - ERROR - Exception : [WinError 10054] Varolan bir baðlantý uzaktaki bir ana bilgisayar tarafýndan zorla kapatýldý
2024-10-16 21:04:48,219 - ERROR - Exception : [WinError 10054] Varolan bir baðlantý uzaktaki bir ana bilgisayar tarafýndan zorla kapatýldý
2024-10-16 21:04:52,186 - ERROR - Exception : [WinError 10054] Varolan bir baðlantý uzaktaki bir ana bilgisayar tarafýndan zorla kapatýldý
2024-10-16 21:04:52,533 - ERROR - Exception : [WinError 10054] Varolan bir baðlantý uzaktaki bir ana bilgisayar tarafýndan zorla kapatýldý
2024-10-16 21:04:52,673 - ERROR - Exception : HTTPSConnectionPool(host='mariopartylegacy.com', port=443): Max retries exceeded with url: / (Caused by NameResolutionError("<urllib3.connection.HTTPSConnection object at 0x000001798C9F38D0>: Failed to resolve 'mariopartylegacy.com' ([Errno 11001] getaddrinfo failed)"))
2024-10-16 21:04:52,673 - INFO - Skipping https://mariopartylegacy.com due to being N/A for some features.
2024-10-16 21:04:53,132 - ERROR - Exception : [WinError 10054] Varolan bir baðlantý uzaktaki bir ana bilgisayar tarafýndan zorla kapatýldý
2024-10-16 21:04:53,327 - ERROR - Exception : No entries found for the selected source(s).

>>> Last update of WHOIS database: 2024.10.17T00:04:44Z <<<

2024-10-16 21:04:53,814 - ERROR - Exception : [WinError 10054] Varolan bir baðlantý uzaktaki bir ana bilgisayar tarafýndan zorla kapatýldý
2024-10-16 21:04:53,904 - ERROR - Exception : [WinError 10054] Varolan bir baðlantý uzaktaki bir ana bilgisayar tarafýndan zorla kapatýldý
2024-10-16 21:04:53,952 - ERROR - Exception : [WinError 10054] Varolan bir baðlantý uzaktaki bir ana bilgisayar tarafýndan zorla kapatýldý
2024-10-16 21:04:53,964 - ERROR - Exception : [WinError 10054] Varolan bir baðlantý uzaktaki bir ana bilgisayar tarafýndan zorla kapatýldý
2024-10-16 21:04:53,965 - ERROR - Exception : [WinError 10054] Varolan bir baðlantý uzaktaki bir ana bilgisayar tarafýndan zorla kapatýldý
2024-10-16 21:04:55,649 - ERROR - Exception : [WinError 10054] Varolan bir baðlantý uzaktaki bir ana bilgisayar tarafýndan zorla kapatýldý
2024-10-16 21:04:55,811 - ERROR - Exception : [WinError 10054] Varolan bir baðlantý uzaktaki bir ana bilgisayar tarafýndan zorla kapatýldý
2024-10-16 21:04:55,844 - ERROR - Exception : [WinError 10054] Varolan bir baðlantý uzaktaki bir ana bilgisayar tarafýndan zorla kapatýldý
2024-10-16 21:04:55,881 - ERROR - Exception : [WinError 10054] Varolan bir baðlantý uzaktaki bir ana bilgisayar tarafýndan zorla kapatýldý
2024-10-16 21:04:55,887 - ERROR - Exception : [WinError 10054] Varolan bir baðlantý uzaktaki bir ana bilgisayar tarafýndan zorla kapatýldý
2024-10-16 21:04:56,046 - ERROR - Exception : [WinError 10054] Varolan bir baðlantý uzaktaki bir ana bilgisayar tarafýndan zorla kapatýldý
2024-10-16 21:04:56,508 - ERROR - Exception : HTTPSConnectionPool(host='www.masseffect.com', port=443): Read timed out. (read timeout=12)
2024-10-16 21:04:56,523 - INFO - Skipping https://masseffect.com due to being N/A for some features.
2024-10-16 21:04:56,523 - ERROR - Exception : [WinError 10054] Varolan bir baðlantý uzaktaki bir ana bilgisayar tarafýndan zorla kapatýldý
2024-10-16 21:04:56,796 - ERROR - Exception : [WinError 10054] Varolan bir baðlantý uzaktaki bir ana bilgisayar tarafýndan zorla kapatýldý
2024-10-16 21:04:56,797 - ERROR - Exception : [WinError 10054] Varolan bir baðlantý uzaktaki bir ana bilgisayar tarafýndan zorla kapatýldý
2024-10-16 21:04:56,834 - ERROR - Exception : [WinError 10054] Varolan bir baðlantý uzaktaki bir ana bilgisayar tarafýndan zorla kapatýldý
2024-10-16 21:04:56,947 - ERROR - Exception : [WinError 10054] Varolan bir baðlantý uzaktaki bir ana bilgisayar tarafýndan zorla kapatýldý
2024-10-16 21:04:57,089 - ERROR - Exception : [WinError 10054] Varolan bir baðlantý uzaktaki bir ana bilgisayar tarafýndan zorla kapatýldý
2024-10-16 21:04:57,156 - ERROR - Exception : [WinError 10054] Varolan bir baðlantý uzaktaki bir ana bilgisayar tarafýndan zorla kapatýldý
2024-10-16 21:04:57,234 - ERROR - Exception : [WinError 10054] Varolan bir baðlantý uzaktaki bir ana bilgisayar tarafýndan zorla kapatýldý
2024-10-16 21:04:57,234 - ERROR - Exception : [WinError 10054] Varolan bir baðlantý uzaktaki bir ana bilgisayar tarafýndan zorla kapatýldý
2024-10-16 21:04:57,257 - ERROR - Exception : [WinError 10054] Varolan bir baðlantý uzaktaki bir ana bilgisayar tarafýndan zorla kapatýldý
2024-10-16 21:04:57,442 - ERROR - Exception : [WinError 10054] Varolan bir baðlantý uzaktaki bir ana bilgisayar tarafýndan zorla kapatýldý
2024-10-16 21:04:57,571 - ERROR - Exception : [WinError 10054] Varolan bir baðlantý uzaktaki bir ana bilgisayar tarafýndan zorla kapatýldý
2024-10-16 21:04:58,315 - ERROR - Exception : [WinError 10054] Varolan bir baðlantý uzaktaki bir ana bilgisayar tarafýndan zorla kapatýldý
2024-10-16 21:04:58,346 - ERROR - Exception : [WinError 10054] Varolan bir baðlantý uzaktaki bir ana bilgisayar tarafýndan zorla kapatýldý
2024-10-16 21:04:58,446 - ERROR - Exception : [WinError 10054] Varolan bir baðlantý uzaktaki bir ana bilgisayar tarafýndan zorla kapatýldý
2024-10-16 21:04:58,493 - ERROR - Exception : [WinError 10054] Varolan bir baðlantý uzaktaki bir ana bilgisayar tarafýndan zorla kapatýldý
2024-10-16 21:04:58,508 - ERROR - Exception : [WinError 10054] Varolan bir baðlantý uzaktaki bir ana bilgisayar tarafýndan zorla kapatýldý
2024-10-16 21:04:59,428 - ERROR - Exception : [WinError 10054] Varolan bir baðlantý uzaktaki bir ana bilgisayar tarafýndan zorla kapatýldý
2024-10-16 21:04:59,428 - ERROR - Exception : [WinError 10054] Varolan bir baðlantý uzaktaki bir ana bilgisayar tarafýndan zorla kapatýldý
2024-10-16 21:04:59,919 - ERROR - Exception : [WinError 10054] Varolan bir baðlantý uzaktaki bir ana bilgisayar tarafýndan zorla kapatýldý
2024-10-16 21:05:00,458 - ERROR - Exception : [WinError 10054] Varolan bir baðlantý uzaktaki bir ana bilgisayar tarafýndan zorla kapatýldý
2024-10-16 21:05:00,840 - ERROR - Exception : [WinError 10054] Varolan bir baðlantý uzaktaki bir ana bilgisayar tarafýndan zorla kapatýldý
2024-10-16 21:05:00,924 - ERROR - Exception : [WinError 10054] Varolan bir baðlantý uzaktaki bir ana bilgisayar tarafýndan zorla kapatýldý
2024-10-16 21:05:01,030 - ERROR - Exception : [WinError 10054] Varolan bir baðlantý uzaktaki bir ana bilgisayar tarafýndan zorla kapatýldý
2024-10-16 21:05:01,243 - ERROR - Exception : [WinError 10054] Varolan bir baðlantý uzaktaki bir ana bilgisayar tarafýndan zorla kapatýldý
2024-10-16 21:05:01,581 - ERROR - Exception : [WinError 10054] Varolan bir baðlantý uzaktaki bir ana bilgisayar tarafýndan zorla kapatýldý
2024-10-16 21:05:02,579 - ERROR - Exception : [WinError 10054] Varolan bir baðlantý uzaktaki bir ana bilgisayar tarafýndan zorla kapatýldý
2024-10-16 21:05:02,582 - ERROR - Exception : [WinError 10054] Varolan bir baðlantý uzaktaki bir ana bilgisayar tarafýndan zorla kapatýldý
2024-10-16 21:05:03,632 - ERROR - Exception : [WinError 10054] Varolan bir baðlantý uzaktaki bir ana bilgisayar tarafýndan zorla kapatýldý
2024-10-16 21:05:03,738 - ERROR - Exception : [WinError 10054] Varolan bir baðlantý uzaktaki bir ana bilgisayar tarafýndan zorla kapatýldý
2024-10-16 21:05:03,738 - ERROR - Exception : [WinError 10054] Varolan bir baðlantý uzaktaki bir ana bilgisayar tarafýndan zorla kapatýldý
2024-10-16 21:05:03,924 - ERROR - Exception : [WinError 10054] Varolan bir baðlantý uzaktaki bir ana bilgisayar tarafýndan zorla kapatýldý
2024-10-16 21:05:03,925 - ERROR - Exception : [WinError 10054] Varolan bir baðlantý uzaktaki bir ana bilgisayar tarafýndan zorla kapatýldý
2024-10-16 21:05:03,939 - ERROR - Exception : [WinError 10054] Varolan bir baðlantý uzaktaki bir ana bilgisayar tarafýndan zorla kapatýldý
2024-10-16 21:05:04,265 - ERROR - Exception : [WinError 10054] Varolan bir baðlantý uzaktaki bir ana bilgisayar tarafýndan zorla kapatýldý
2024-10-16 21:05:04,292 - ERROR - Exception : [WinError 10054] Varolan bir baðlantý uzaktaki bir ana bilgisayar tarafýndan zorla kapatýldý
2024-10-16 21:05:04,341 - ERROR - Exception : [WinError 10054] Varolan bir baðlantý uzaktaki bir ana bilgisayar tarafýndan zorla kapatýldý
2024-10-16 21:05:04,403 - ERROR - Exception : [WinError 10054] Varolan bir baðlantý uzaktaki bir ana bilgisayar tarafýndan zorla kapatýldý
2024-10-16 21:05:04,827 - ERROR - Exception : [WinError 10054] Varolan bir baðlantý uzaktaki bir ana bilgisayar tarafýndan zorla kapatýldý
2024-10-16 21:05:04,881 - ERROR - Exception : [WinError 10054] Varolan bir baðlantý uzaktaki bir ana bilgisayar tarafýndan zorla kapatýldý
2024-10-16 21:05:05,247 - ERROR - Exception : [WinError 10054] Varolan bir baðlantý uzaktaki bir ana bilgisayar tarafýndan zorla kapatýldý
2024-10-16 21:05:05,357 - ERROR - Exception : [WinError 10054] Varolan bir baðlantý uzaktaki bir ana bilgisayar tarafýndan zorla kapatýldý
2024-10-16 21:05:05,403 - ERROR - Exception : [WinError 10054] Varolan bir baðlantý uzaktaki bir ana bilgisayar tarafýndan zorla kapatýldý
2024-10-16 21:05:05,570 - ERROR - Exception : [WinError 10054] Varolan bir baðlantý uzaktaki bir ana bilgisayar tarafýndan zorla kapatýldý
2024-10-16 21:05:05,677 - ERROR - Exception : [WinError 10054] Varolan bir baðlantý uzaktaki bir ana bilgisayar tarafýndan zorla kapatýldý
2024-10-16 21:05:05,799 - ERROR - Exception : [WinError 10054] Varolan bir baðlantý uzaktaki bir ana bilgisayar tarafýndan zorla kapatýldý
2024-10-16 21:05:06,137 - ERROR - Exception : [WinError 10054] Varolan bir baðlantý uzaktaki bir ana bilgisayar tarafýndan zorla kapatýldý
2024-10-16 21:05:06,263 - ERROR - Exception : [WinError 10054] Varolan bir baðlantý uzaktaki bir ana bilgisayar tarafýndan zorla kapatýldý
2024-10-16 21:05:06,272 - ERROR - Exception : [WinError 10054] Varolan bir baðlantý uzaktaki bir ana bilgisayar tarafýndan zorla kapatýldý
2024-10-16 21:05:06,354 - ERROR - Exception : [WinError 10054] Varolan bir baðlantý uzaktaki bir ana bilgisayar tarafýndan zorla kapatýldý
2024-10-16 21:05:06,414 - ERROR - Exception : [WinError 10054] Varolan bir baðlantý uzaktaki bir ana bilgisayar tarafýndan zorla kapatýldý
2024-10-16 21:05:06,463 - ERROR - Exception : [WinError 10054] Varolan bir baðlantý uzaktaki bir ana bilgisayar tarafýndan zorla kapatýldý
2024-10-16 21:05:06,724 - ERROR - Exception : [WinError 10054] Varolan bir baðlantý uzaktaki bir ana bilgisayar tarafýndan zorla kapatýldý
2024-10-16 21:05:06,725 - ERROR - Exception : [WinError 10054] Varolan bir baðlantý uzaktaki bir ana bilgisayar tarafýndan zorla kapatýldý
2024-10-16 21:05:06,830 - ERROR - Exception : [WinError 10054] Varolan bir baðlantý uzaktaki bir ana bilgisayar tarafýndan zorla kapatýldý
2024-10-16 21:05:06,831 - ERROR - Exception : [WinError 10054] Varolan bir baðlantý uzaktaki bir ana bilgisayar tarafýndan zorla kapatýldý
2024-10-16 21:05:06,926 - ERROR - Exception : [WinError 10054] Varolan bir baðlantý uzaktaki bir ana bilgisayar tarafýndan zorla kapatýldý
2024-10-16 21:05:07,093 - ERROR - Exception : [WinError 10054] Varolan bir baðlantý uzaktaki bir ana bilgisayar tarafýndan zorla kapatýldý
2024-10-16 21:05:07,121 - ERROR - Exception : [WinError 10054] Varolan bir baðlantý uzaktaki bir ana bilgisayar tarafýndan zorla kapatýldý
2024-10-16 21:05:07,338 - ERROR - Exception : [WinError 10054] Varolan bir baðlantý uzaktaki bir ana bilgisayar tarafýndan zorla kapatýldý
2024-10-16 21:05:07,543 - ERROR - Exception : [WinError 10054] Varolan bir baðlantý uzaktaki bir ana bilgisayar tarafýndan zorla kapatýldý
2024-10-16 21:05:07,693 - ERROR - Exception : [WinError 10054] Varolan bir baðlantý uzaktaki bir ana bilgisayar tarafýndan zorla kapatýldý
2024-10-16 21:05:07,862 - ERROR - Exception : [WinError 10054] Varolan bir baðlantý uzaktaki bir ana bilgisayar tarafýndan zorla kapatýldý
2024-10-16 21:05:08,074 - ERROR - Exception : [WinError 10054] Varolan bir baðlantý uzaktaki bir ana bilgisayar tarafýndan zorla kapatýldý
2024-10-16 21:05:08,316 - ERROR - Exception : [WinError 10054] Varolan bir baðlantý uzaktaki bir ana bilgisayar tarafýndan zorla kapatýldý
2024-10-16 21:05:08,846 - ERROR - Exception : No entries found for the selected source(s).

>>> Last update of WHOIS database: 2024.10.17T00:05:00Z <<<

2024-10-16 21:05:08,887 - ERROR - Exception : [WinError 10054] Varolan bir baðlantý uzaktaki bir ana bilgisayar tarafýndan zorla kapatýldý
2024-10-16 21:05:08,981 - ERROR - Exception : [WinError 10054] Varolan bir baðlantý uzaktaki bir ana bilgisayar tarafýndan zorla kapatýldý
2024-10-16 21:05:09,145 - ERROR - Exception : No entries found for the selected source(s).

>>> Last update of WHOIS database: 2024.10.17T00:05:00Z <<<

2024-10-16 21:05:11,010 - ERROR - Exception : HTTPSConnectionPool(host='mestoiger.com', port=443): Max retries exceeded with url: / (Caused by ConnectTimeoutError(<urllib3.connection.HTTPSConnection object at 0x0000017989F7B910>, 'Connection to mestoiger.com timed out. (connect timeout=12)'))
2024-10-16 21:05:11,011 - INFO - Skipping https://mestoiger.com due to being N/A for some features.
2024-10-16 21:05:11,039 - ERROR - Exception : [WinError 10054] Varolan bir baðlantý uzaktaki bir ana bilgisayar tarafýndan zorla kapatýldý
2024-10-16 21:05:12,596 - ERROR - Exception : [WinError 10054] Varolan bir baðlantý uzaktaki bir ana bilgisayar tarafýndan zorla kapatýldý
2024-10-16 21:05:12,709 - ERROR - Exception : [WinError 10054] Varolan bir baðlantý uzaktaki bir ana bilgisayar tarafýndan zorla kapatýldý
2024-10-16 21:05:12,759 - ERROR - Exception : No entries found for the selected source(s).

>>> Last update of WHOIS database: 2024.10.17T00:05:04Z <<<

2024-10-16 21:05:13,561 - ERROR - Exception : [WinError 10054] Varolan bir baðlantý uzaktaki bir ana bilgisayar tarafýndan zorla kapatýldý
2024-10-16 21:05:13,692 - ERROR - Exception : [WinError 10054] Varolan bir baðlantý uzaktaki bir ana bilgisayar tarafýndan zorla kapatýldý
2024-10-16 21:05:13,715 - ERROR - Exception : [WinError 10054] Varolan bir baðlantý uzaktaki bir ana bilgisayar tarafýndan zorla kapatýldý
2024-10-16 21:05:13,733 - ERROR - Exception : [WinError 10054] Varolan bir baðlantý uzaktaki bir ana bilgisayar tarafýndan zorla kapatýldý
2024-10-16 21:05:13,966 - ERROR - Exception : [WinError 10054] Varolan bir baðlantý uzaktaki bir ana bilgisayar tarafýndan zorla kapatýldý
2024-10-16 21:05:13,984 - ERROR - Exception : [WinError 10054] Varolan bir baðlantý uzaktaki bir ana bilgisayar tarafýndan zorla kapatýldý
2024-10-16 21:05:14,141 - ERROR - Exception : [WinError 10054] Varolan bir baðlantý uzaktaki bir ana bilgisayar tarafýndan zorla kapatýldý
2024-10-16 21:05:14,437 - ERROR - Exception : [WinError 10054] Varolan bir baðlantý uzaktaki bir ana bilgisayar tarafýndan zorla kapatýldý
2024-10-16 21:05:14,595 - ERROR - Exception : [WinError 10054] Varolan bir baðlantý uzaktaki bir ana bilgisayar tarafýndan zorla kapatýldý
2024-10-16 21:05:14,717 - ERROR - Exception : [WinError 10054] Varolan bir baðlantý uzaktaki bir ana bilgisayar tarafýndan zorla kapatýldý
2024-10-16 21:05:14,732 - ERROR - Exception : [WinError 10054] Varolan bir baðlantý uzaktaki bir ana bilgisayar tarafýndan zorla kapatýldý
2024-10-16 21:05:14,848 - ERROR - Exception : [WinError 10054] Varolan bir baðlantý uzaktaki bir ana bilgisayar tarafýndan zorla kapatýldý
2024-10-16 21:05:14,848 - ERROR - Exception : [WinError 10054] Varolan bir baðlantý uzaktaki bir ana bilgisayar tarafýndan zorla kapatýldý
2024-10-16 21:05:15,011 - ERROR - Exception : [WinError 10054] Varolan bir baðlantý uzaktaki bir ana bilgisayar tarafýndan zorla kapatýldý
2024-10-16 21:05:15,025 - ERROR - Exception : [WinError 10054] Varolan bir baðlantý uzaktaki bir ana bilgisayar tarafýndan zorla kapatýldý
2024-10-16 21:05:15,065 - ERROR - Exception : [WinError 10054] Varolan bir baðlantý uzaktaki bir ana bilgisayar tarafýndan zorla kapatýldý
2024-10-16 21:05:15,088 - ERROR - Exception : [WinError 10054] Varolan bir baðlantý uzaktaki bir ana bilgisayar tarafýndan zorla kapatýldý
2024-10-16 21:05:15,268 - ERROR - Exception : [WinError 10054] Varolan bir baðlantý uzaktaki bir ana bilgisayar tarafýndan zorla kapatýldý
2024-10-16 21:05:15,312 - ERROR - Exception : [WinError 10054] Varolan bir baðlantý uzaktaki bir ana bilgisayar tarafýndan zorla kapatýldý
2024-10-16 21:05:15,580 - ERROR - Exception : [WinError 10054] Varolan bir baðlantý uzaktaki bir ana bilgisayar tarafýndan zorla kapatýldý
2024-10-16 21:05:15,898 - ERROR - Exception : [WinError 10054] Varolan bir baðlantý uzaktaki bir ana bilgisayar tarafýndan zorla kapatýldý
2024-10-16 21:05:15,923 - ERROR - Exception : [WinError 10054] Varolan bir baðlantý uzaktaki bir ana bilgisayar tarafýndan zorla kapatýldý
2024-10-16 21:05:15,923 - ERROR - Exception : [WinError 10054] Varolan bir baðlantý uzaktaki bir ana bilgisayar tarafýndan zorla kapatýldý
2024-10-16 21:05:15,950 - ERROR - Exception : [WinError 10054] Varolan bir baðlantý uzaktaki bir ana bilgisayar tarafýndan zorla kapatýldý
2024-10-16 21:05:16,036 - ERROR - Exception : [WinError 10054] Varolan bir baðlantý uzaktaki bir ana bilgisayar tarafýndan zorla kapatýldý
2024-10-16 21:05:16,052 - ERROR - Exception : [WinError 10054] Varolan bir baðlantý uzaktaki bir ana bilgisayar tarafýndan zorla kapatýldý
2024-10-16 21:05:16,283 - ERROR - Exception : [WinError 10054] Varolan bir baðlantý uzaktaki bir ana bilgisayar tarafýndan zorla kapatýldý
2024-10-16 21:05:16,316 - ERROR - Exception : [WinError 10054] Varolan bir baðlantý uzaktaki bir ana bilgisayar tarafýndan zorla kapatýldý
2024-10-16 21:05:16,346 - ERROR - Exception : [WinError 10054] Varolan bir baðlantý uzaktaki bir ana bilgisayar tarafýndan zorla kapatýldý
2024-10-16 21:05:16,347 - ERROR - Exception : [WinError 10054] Varolan bir baðlantý uzaktaki bir ana bilgisayar tarafýndan zorla kapatýldý
2024-10-16 21:05:16,176 - ERROR - Exception : [WinError 10054] Varolan bir baðlantý uzaktaki bir ana bilgisayar tarafýndan zorla kapatýldý
2024-10-16 21:05:16,898 - ERROR - Exception : [WinError 10054] Varolan bir baðlantý uzaktaki bir ana bilgisayar tarafýndan zorla kapatýldý
2024-10-16 21:05:16,898 - ERROR - Exception : [WinError 10054] Varolan bir baðlantý uzaktaki bir ana bilgisayar tarafýndan zorla kapatýldý
2024-10-16 21:05:17,230 - ERROR - Exception : [WinError 10054] Varolan bir baðlantý uzaktaki bir ana bilgisayar tarafýndan zorla kapatýldý
2024-10-16 21:05:17,744 - ERROR - Exception : [WinError 10054] Varolan bir baðlantý uzaktaki bir ana bilgisayar tarafýndan zorla kapatýldý
2024-10-16 21:05:18,127 - ERROR - Exception : [WinError 10054] Varolan bir baðlantý uzaktaki bir ana bilgisayar tarafýndan zorla kapatýldý
2024-10-16 21:05:18,591 - ERROR - Exception : [WinError 10054] Varolan bir baðlantý uzaktaki bir ana bilgisayar tarafýndan zorla kapatýldý
2024-10-16 21:05:18,591 - ERROR - Exception : [WinError 10054] Varolan bir baðlantý uzaktaki bir ana bilgisayar tarafýndan zorla kapatýldý
2024-10-16 21:05:18,902 - ERROR - Exception : [WinError 10054] Varolan bir baðlantý uzaktaki bir ana bilgisayar tarafýndan zorla kapatýldý
2024-10-16 21:05:19,116 - ERROR - Exception : [WinError 10054] Varolan bir baðlantý uzaktaki bir ana bilgisayar tarafýndan zorla kapatýldý
2024-10-16 21:05:19,321 - ERROR - Exception : [WinError 10054] Varolan bir baðlantý uzaktaki bir ana bilgisayar tarafýndan zorla kapatýldý
2024-10-16 21:05:19,409 - ERROR - Exception : [WinError 10054] Varolan bir baðlantý uzaktaki bir ana bilgisayar tarafýndan zorla kapatýldý
2024-10-16 21:05:19,613 - ERROR - Exception : [WinError 10054] Varolan bir baðlantý uzaktaki bir ana bilgisayar tarafýndan zorla kapatýldý
2024-10-16 21:05:19,653 - ERROR - Exception : [WinError 10054] Varolan bir baðlantý uzaktaki bir ana bilgisayar tarafýndan zorla kapatýldý
2024-10-16 21:05:19,709 - ERROR - Exception : [WinError 10054] Varolan bir baðlantý uzaktaki bir ana bilgisayar tarafýndan zorla kapatýldý
2024-10-16 21:05:19,852 - ERROR - Exception : [WinError 10054] Varolan bir baðlantý uzaktaki bir ana bilgisayar tarafýndan zorla kapatýldý
2024-10-16 21:05:20,723 - ERROR - Exception : [WinError 10054] Varolan bir baðlantý uzaktaki bir ana bilgisayar tarafýndan zorla kapatýldý
2024-10-16 21:05:20,776 - ERROR - Exception : [WinError 10054] Varolan bir baðlantý uzaktaki bir ana bilgisayar tarafýndan zorla kapatýldý
2024-10-16 21:05:20,844 - ERROR - Exception : [WinError 10054] Varolan bir baðlantý uzaktaki bir ana bilgisayar tarafýndan zorla kapatýldý
2024-10-16 21:05:23,190 - ERROR - Exception : [WinError 10054] Varolan bir baðlantý uzaktaki bir ana bilgisayar tarafýndan zorla kapatýldý
2024-10-16 21:05:26,020 - ERROR - Exception : [WinError 10054] Varolan bir baðlantý uzaktaki bir ana bilgisayar tarafýndan zorla kapatýldý
2024-10-16 21:05:26,874 - ERROR - Exception : [WinError 10054] Varolan bir baðlantý uzaktaki bir ana bilgisayar tarafýndan zorla kapatýldý
2024-10-16 21:05:27,323 - ERROR - Exception : [WinError 10054] Varolan bir baðlantý uzaktaki bir ana bilgisayar tarafýndan zorla kapatýldý
2024-10-16 21:05:27,693 - ERROR - Exception : [WinError 10054] Varolan bir baðlantý uzaktaki bir ana bilgisayar tarafýndan zorla kapatýldý
2024-10-16 21:05:27,902 - ERROR - Exception : unsupported operand type(s) for -: 'datetime.datetime' and 'str'
2024-10-16 21:05:28,379 - ERROR - Exception : [WinError 10054] Varolan bir baðlantý uzaktaki bir ana bilgisayar tarafýndan zorla kapatýldý
2024-10-16 21:05:28,380 - ERROR - Exception : [WinError 10054] Varolan bir baðlantý uzaktaki bir ana bilgisayar tarafýndan zorla kapatýldý
2024-10-16 21:05:30,066 - ERROR - Exception : [WinError 10054] Varolan bir baðlantý uzaktaki bir ana bilgisayar tarafýndan zorla kapatýldý
2024-10-16 21:05:30,337 - ERROR - Exception : [WinError 10054] Varolan bir baðlantý uzaktaki bir ana bilgisayar tarafýndan zorla kapatýldý
2024-10-16 21:05:30,537 - ERROR - Exception : [WinError 10054] Varolan bir baðlantý uzaktaki bir ana bilgisayar tarafýndan zorla kapatýldý
2024-10-16 21:05:30,553 - ERROR - Exception : [WinError 10054] Varolan bir baðlantý uzaktaki bir ana bilgisayar tarafýndan zorla kapatýldý
2024-10-16 21:05:30,669 - ERROR - Exception : [WinError 10054] Varolan bir baðlantý uzaktaki bir ana bilgisayar tarafýndan zorla kapatýldý
2024-10-16 21:05:30,762 - ERROR - Exception : [WinError 10054] Varolan bir baðlantý uzaktaki bir ana bilgisayar tarafýndan zorla kapatýldý
2024-10-16 21:05:31,731 - ERROR - Exception : [WinError 10054] Varolan bir baðlantý uzaktaki bir ana bilgisayar tarafýndan zorla kapatýldý
2024-10-16 21:05:31,834 - ERROR - Exception : [WinError 10054] Varolan bir baðlantý uzaktaki bir ana bilgisayar tarafýndan zorla kapatýldý
2024-10-16 21:05:32,059 - ERROR - Exception : [WinError 10054] Varolan bir baðlantý uzaktaki bir ana bilgisayar tarafýndan zorla kapatýldý
2024-10-16 21:05:32,132 - ERROR - Exception : [WinError 10054] Varolan bir baðlantý uzaktaki bir ana bilgisayar tarafýndan zorla kapatýldý
2024-10-16 21:05:32,153 - ERROR - Exception : [WinError 10054] Varolan bir baðlantý uzaktaki bir ana bilgisayar tarafýndan zorla kapatýldý
2024-10-16 21:05:32,158 - ERROR - Exception : No entries found for the selected source(s).

>>> Last update of WHOIS database: 2024.10.17T00:05:23Z <<<

2024-10-16 21:05:32,264 - ERROR - Exception : [WinError 10054] Varolan bir baðlantý uzaktaki bir ana bilgisayar tarafýndan zorla kapatýldý
2024-10-16 21:05:32,280 - ERROR - Exception : [WinError 10054] Varolan bir baðlantý uzaktaki bir ana bilgisayar tarafýndan zorla kapatýldý
2024-10-16 21:05:32,348 - ERROR - Exception : [WinError 10054] Varolan bir baðlantý uzaktaki bir ana bilgisayar tarafýndan zorla kapatýldý
2024-10-16 21:05:32,366 - ERROR - Exception : [WinError 10054] Varolan bir baðlantý uzaktaki bir ana bilgisayar tarafýndan zorla kapatýldý
2024-10-16 21:05:32,613 - ERROR - Exception : [WinError 10054] Varolan bir baðlantý uzaktaki bir ana bilgisayar tarafýndan zorla kapatýldý
2024-10-16 21:05:32,913 - ERROR - Exception : [WinError 10054] Varolan bir baðlantý uzaktaki bir ana bilgisayar tarafýndan zorla kapatýldý
2024-10-16 21:05:33,048 - ERROR - Exception : [WinError 10054] Varolan bir baðlantý uzaktaki bir ana bilgisayar tarafýndan zorla kapatýldý
2024-10-16 21:05:33,422 - ERROR - Exception : [WinError 10054] Varolan bir baðlantý uzaktaki bir ana bilgisayar tarafýndan zorla kapatýldý
2024-10-16 21:05:33,468 - ERROR - Exception : [WinError 10054] Varolan bir baðlantý uzaktaki bir ana bilgisayar tarafýndan zorla kapatýldý
2024-10-16 21:05:33,468 - ERROR - Exception : [WinError 10054] Varolan bir baðlantý uzaktaki bir ana bilgisayar tarafýndan zorla kapatýldý
2024-10-16 21:05:33,620 - ERROR - Exception : HTTPSConnectionPool(host='www.minecraft.net', port=443): Read timed out. (read timeout=12)
2024-10-16 21:05:33,898 - ERROR - Exception : [WinError 10054] Varolan bir baðlantý uzaktaki bir ana bilgisayar tarafýndan zorla kapatýldý
2024-10-16 21:05:33,974 - ERROR - Exception : [WinError 10054] Varolan bir baðlantý uzaktaki bir ana bilgisayar tarafýndan zorla kapatýldý
2024-10-16 21:05:33,990 - ERROR - Exception : [WinError 10054] Varolan bir baðlantý uzaktaki bir ana bilgisayar tarafýndan zorla kapatýldý
2024-10-16 21:05:33,997 - ERROR - Exception : [WinError 10054] Varolan bir baðlantý uzaktaki bir ana bilgisayar tarafýndan zorla kapatýldý
2024-10-16 21:05:33,997 - ERROR - Exception : [WinError 10054] Varolan bir baðlantý uzaktaki bir ana bilgisayar tarafýndan zorla kapatýldý
2024-10-16 21:05:33,998 - ERROR - Exception : [WinError 10054] Varolan bir baðlantý uzaktaki bir ana bilgisayar tarafýndan zorla kapatýldý
2024-10-16 21:05:34,028 - ERROR - Exception : [WinError 10054] Varolan bir baðlantý uzaktaki bir ana bilgisayar tarafýndan zorla kapatýldý
2024-10-16 21:05:34,035 - ERROR - Exception : [WinError 10054] Varolan bir baðlantý uzaktaki bir ana bilgisayar tarafýndan zorla kapatýldý
2024-10-16 21:05:34,066 - ERROR - Exception : [WinError 10054] Varolan bir baðlantý uzaktaki bir ana bilgisayar tarafýndan zorla kapatýldý
2024-10-16 21:05:34,204 - ERROR - Exception : [WinError 10054] Varolan bir baðlantý uzaktaki bir ana bilgisayar tarafýndan zorla kapatýldý
2024-10-16 21:05:34,303 - ERROR - Exception : [WinError 10054] Varolan bir baðlantý uzaktaki bir ana bilgisayar tarafýndan zorla kapatýldý
2024-10-16 21:05:34,434 - ERROR - Exception : [WinError 10054] Varolan bir baðlantý uzaktaki bir ana bilgisayar tarafýndan zorla kapatýldý
2024-10-16 21:05:34,683 - ERROR - Exception : [WinError 10054] Varolan bir baðlantý uzaktaki bir ana bilgisayar tarafýndan zorla kapatýldý
2024-10-16 21:05:34,754 - ERROR - Exception : [WinError 10054] Varolan bir baðlantý uzaktaki bir ana bilgisayar tarafýndan zorla kapatýldý
2024-10-16 21:05:34,772 - ERROR - Exception : [WinError 10054] Varolan bir baðlantý uzaktaki bir ana bilgisayar tarafýndan zorla kapatýldý
2024-10-16 21:05:35,002 - ERROR - Exception : [WinError 10054] Varolan bir baðlantý uzaktaki bir ana bilgisayar tarafýndan zorla kapatýldý
2024-10-16 21:05:35,017 - ERROR - Exception : [WinError 10054] Varolan bir baðlantý uzaktaki bir ana bilgisayar tarafýndan zorla kapatýldý
2024-10-16 21:05:35,080 - ERROR - Exception : [WinError 10054] Varolan bir baðlantý uzaktaki bir ana bilgisayar tarafýndan zorla kapatýldý
2024-10-16 21:05:35,235 - ERROR - Exception : [WinError 10054] Varolan bir baðlantý uzaktaki bir ana bilgisayar tarafýndan zorla kapatýldý
2024-10-16 21:05:35,495 - ERROR - Exception : [WinError 10054] Varolan bir baðlantý uzaktaki bir ana bilgisayar tarafýndan zorla kapatýldý
2024-10-16 21:05:35,609 - ERROR - Exception : [WinError 10054] Varolan bir baðlantý uzaktaki bir ana bilgisayar tarafýndan zorla kapatýldý
2024-10-16 21:05:35,771 - ERROR - Exception : [WinError 10054] Varolan bir baðlantý uzaktaki bir ana bilgisayar tarafýndan zorla kapatýldý
2024-10-16 21:05:35,806 - ERROR - Exception : [WinError 10054] Varolan bir baðlantý uzaktaki bir ana bilgisayar tarafýndan zorla kapatýldý
2024-10-16 21:05:35,833 - ERROR - Exception : [WinError 10054] Varolan bir baðlantý uzaktaki bir ana bilgisayar tarafýndan zorla kapatýldý
2024-10-16 21:05:35,910 - ERROR - Exception : timed out
2024-10-16 21:05:36,127 - ERROR - Exception : [WinError 10054] Varolan bir baðlantý uzaktaki bir ana bilgisayar tarafýndan zorla kapatýldý
2024-10-16 21:05:36,301 - ERROR - Exception : [WinError 10054] Varolan bir baðlantý uzaktaki bir ana bilgisayar tarafýndan zorla kapatýldý
2024-10-16 21:05:36,551 - ERROR - Exception : [WinError 10054] Varolan bir baðlantý uzaktaki bir ana bilgisayar tarafýndan zorla kapatýldý
2024-10-16 21:05:36,570 - ERROR - Exception : [WinError 10054] Varolan bir baðlantý uzaktaki bir ana bilgisayar tarafýndan zorla kapatýldý
2024-10-16 21:05:36,662 - ERROR - Exception : timed out
2024-10-16 21:05:36,695 - ERROR - Exception : [WinError 10054] Varolan bir baðlantý uzaktaki bir ana bilgisayar tarafýndan zorla kapatýldý
2024-10-16 21:05:37,589 - ERROR - Exception : [WinError 10054] Varolan bir baðlantý uzaktaki bir ana bilgisayar tarafýndan zorla kapatýldý
2024-10-16 21:05:37,590 - ERROR - Exception : [WinError 10054] Varolan bir baðlantý uzaktaki bir ana bilgisayar tarafýndan zorla kapatýldý
2024-10-16 21:05:37,637 - ERROR - Exception : [WinError 10054] Varolan bir baðlantý uzaktaki bir ana bilgisayar tarafýndan zorla kapatýldý
2024-10-16 21:05:37,639 - ERROR - Exception : [WinError 10054] Varolan bir baðlantý uzaktaki bir ana bilgisayar tarafýndan zorla kapatýldý
2024-10-16 21:05:38,101 - ERROR - Exception : [WinError 10054] Varolan bir baðlantý uzaktaki bir ana bilgisayar tarafýndan zorla kapatýldý
2024-10-16 21:05:38,218 - ERROR - Exception : [WinError 10054] Varolan bir baðlantý uzaktaki bir ana bilgisayar tarafýndan zorla kapatýldý
2024-10-16 21:05:38,262 - ERROR - Exception : [WinError 10054] Varolan bir baðlantý uzaktaki bir ana bilgisayar tarafýndan zorla kapatýldý
2024-10-16 21:05:38,502 - ERROR - Exception : timed out
2024-10-16 21:05:38,642 - ERROR - Exception : [WinError 10054] Varolan bir baðlantý uzaktaki bir ana bilgisayar tarafýndan zorla kapatýldý
2024-10-16 21:05:38,730 - ERROR - Exception : [WinError 10054] Varolan bir baðlantý uzaktaki bir ana bilgisayar tarafýndan zorla kapatýldý
2024-10-16 21:05:39,104 - ERROR - Exception : [WinError 10054] Varolan bir baðlantý uzaktaki bir ana bilgisayar tarafýndan zorla kapatýldý
2024-10-16 21:05:39,256 - ERROR - Exception : [WinError 10054] Varolan bir baðlantý uzaktaki bir ana bilgisayar tarafýndan zorla kapatýldý
2024-10-16 21:05:39,361 - ERROR - Exception : [WinError 10054] Varolan bir baðlantý uzaktaki bir ana bilgisayar tarafýndan zorla kapatýldý
2024-10-16 21:05:39,889 - ERROR - Exception : [WinError 10054] Varolan bir baðlantý uzaktaki bir ana bilgisayar tarafýndan zorla kapatýldý
2024-10-16 21:05:39,954 - ERROR - Exception : [WinError 10054] Varolan bir baðlantý uzaktaki bir ana bilgisayar tarafýndan zorla kapatýldý
2024-10-16 21:05:41,139 - ERROR - Exception : [WinError 10054] Varolan bir baðlantý uzaktaki bir ana bilgisayar tarafýndan zorla kapatýldý
2024-10-16 21:05:41,159 - ERROR - Exception : [WinError 10054] Varolan bir baðlantý uzaktaki bir ana bilgisayar tarafýndan zorla kapatýldý
2024-10-16 21:05:41,451 - ERROR - Exception : [WinError 10054] Varolan bir baðlantý uzaktaki bir ana bilgisayar tarafýndan zorla kapatýldý
2024-10-16 21:05:41,589 - ERROR - Exception : [WinError 10054] Varolan bir baðlantý uzaktaki bir ana bilgisayar tarafýndan zorla kapatýldý
2024-10-16 21:05:42,039 - ERROR - Exception : [WinError 10054] Varolan bir baðlantý uzaktaki bir ana bilgisayar tarafýndan zorla kapatýldý
2024-10-16 21:05:42,044 - ERROR - Exception : [WinError 10054] Varolan bir baðlantý uzaktaki bir ana bilgisayar tarafýndan zorla kapatýldý
2024-10-16 21:05:42,252 - ERROR - Exception : [WinError 10054] Varolan bir baðlantý uzaktaki bir ana bilgisayar tarafýndan zorla kapatýldý
2024-10-16 21:05:42,326 - ERROR - Exception : [WinError 10054] Varolan bir baðlantý uzaktaki bir ana bilgisayar tarafýndan zorla kapatýldý
2024-10-16 21:05:42,754 - ERROR - Exception : [WinError 10054] Varolan bir baðlantý uzaktaki bir ana bilgisayar tarafýndan zorla kapatýldý
2024-10-16 21:05:42,864 - ERROR - Exception : No entries found for the selected source(s).

>>> Last update of WHOIS database: 2024.10.17T00:05:34Z <<<

2024-10-16 21:05:42,957 - ERROR - Exception : [WinError 10054] Varolan bir baðlantý uzaktaki bir ana bilgisayar tarafýndan zorla kapatýldý
2024-10-16 21:05:43,052 - ERROR - Exception : [WinError 10054] Varolan bir baðlantý uzaktaki bir ana bilgisayar tarafýndan zorla kapatýldý
2024-10-16 21:05:43,137 - ERROR - Exception : [WinError 10054] Varolan bir baðlantý uzaktaki bir ana bilgisayar tarafýndan zorla kapatýldý
2024-10-16 21:05:43,262 - ERROR - Exception : [WinError 10054] Varolan bir baðlantý uzaktaki bir ana bilgisayar tarafýndan zorla kapatýldý
2024-10-16 21:05:43,264 - ERROR - Exception : [WinError 10054] Varolan bir baðlantý uzaktaki bir ana bilgisayar tarafýndan zorla kapatýldý
2024-10-16 21:05:43,270 - ERROR - Exception : [WinError 10054] Varolan bir baðlantý uzaktaki bir ana bilgisayar tarafýndan zorla kapatýldý
2024-10-16 21:05:43,490 - ERROR - Exception : [WinError 10054] Varolan bir baðlantý uzaktaki bir ana bilgisayar tarafýndan zorla kapatýldý
2024-10-16 21:05:43,490 - ERROR - Exception : [WinError 10054] Varolan bir baðlantý uzaktaki bir ana bilgisayar tarafýndan zorla kapatýldý
2024-10-16 21:05:43,491 - ERROR - Exception : [WinError 10054] Varolan bir baðlantý uzaktaki bir ana bilgisayar tarafýndan zorla kapatýldý
2024-10-16 21:05:43,822 - ERROR - Exception : [WinError 10054] Varolan bir baðlantý uzaktaki bir ana bilgisayar tarafýndan zorla kapatýldý
2024-10-16 21:05:44,128 - ERROR - Exception : [WinError 10054] Varolan bir baðlantý uzaktaki bir ana bilgisayar tarafýndan zorla kapatýldý
2024-10-16 21:05:44,220 - ERROR - Exception : [WinError 10054] Varolan bir baðlantý uzaktaki bir ana bilgisayar tarafýndan zorla kapatýldý
2024-10-16 21:05:44,259 - ERROR - Exception : [WinError 10054] Varolan bir baðlantý uzaktaki bir ana bilgisayar tarafýndan zorla kapatýldý
2024-10-16 21:05:44,283 - ERROR - Exception : [WinError 10054] Varolan bir baðlantý uzaktaki bir ana bilgisayar tarafýndan zorla kapatýldý
2024-10-16 21:05:44,541 - ERROR - Exception : [WinError 10054] Varolan bir baðlantý uzaktaki bir ana bilgisayar tarafýndan zorla kapatýldý
2024-10-16 21:05:44,735 - ERROR - Exception : [WinError 10054] Varolan bir baðlantý uzaktaki bir ana bilgisayar tarafýndan zorla kapatýldý
2024-10-16 21:05:44,739 - ERROR - Exception : [WinError 10054] Varolan bir baðlantý uzaktaki bir ana bilgisayar tarafýndan zorla kapatýldý
2024-10-16 21:05:44,801 - ERROR - Exception : [WinError 10054] Varolan bir baðlantý uzaktaki bir ana bilgisayar tarafýndan zorla kapatýldý
2024-10-16 21:05:45,002 - ERROR - Exception : [WinError 10054] Varolan bir baðlantý uzaktaki bir ana bilgisayar tarafýndan zorla kapatýldý
2024-10-16 21:05:45,153 - ERROR - Exception : [WinError 10054] Varolan bir baðlantý uzaktaki bir ana bilgisayar tarafýndan zorla kapatýldý
2024-10-16 21:05:45,202 - ERROR - Exception : HTTPConnectionPool(host='no.access', port=80): Max retries exceeded with url: / (Caused by NameResolutionError("<urllib3.connection.HTTPConnection object at 0x000001798CB2A190>: Failed to resolve 'no.access' ([Errno 11001] getaddrinfo failed)"))
2024-10-16 21:05:45,319 - ERROR - Exception : [WinError 10054] Varolan bir baðlantý uzaktaki bir ana bilgisayar tarafýndan zorla kapatýldý
2024-10-16 21:05:45,403 - ERROR - Exception : [WinError 10054] Varolan bir baðlantý uzaktaki bir ana bilgisayar tarafýndan zorla kapatýldý
2024-10-16 21:05:45,433 - ERROR - Exception : [WinError 10054] Varolan bir baðlantý uzaktaki bir ana bilgisayar tarafýndan zorla kapatýldý
2024-10-16 21:05:45,803 - ERROR - Exception : [WinError 10054] Varolan bir baðlantý uzaktaki bir ana bilgisayar tarafýndan zorla kapatýldý
2024-10-16 21:05:45,879 - ERROR - Exception : [WinError 10054] Varolan bir baðlantý uzaktaki bir ana bilgisayar tarafýndan zorla kapatýldý
2024-10-16 21:05:45,894 - ERROR - Exception : [WinError 10054] Varolan bir baðlantý uzaktaki bir ana bilgisayar tarafýndan zorla kapatýldý
2024-10-16 21:05:46,423 - ERROR - Exception : [WinError 10054] Varolan bir baðlantý uzaktaki bir ana bilgisayar tarafýndan zorla kapatýldý
2024-10-16 21:05:46,629 - ERROR - Exception : [WinError 10054] Varolan bir baðlantý uzaktaki bir ana bilgisayar tarafýndan zorla kapatýldý
2024-10-16 21:05:46,642 - ERROR - Exception : [WinError 10054] Varolan bir baðlantý uzaktaki bir ana bilgisayar tarafýndan zorla kapatýldý
2024-10-16 21:05:46,649 - ERROR - Exception : HTTPSConnectionPool(host='www.minecraft.net', port=443): Read timed out. (read timeout=12)
2024-10-16 21:05:47,132 - ERROR - Exception : [WinError 10054] Varolan bir baðlantý uzaktaki bir ana bilgisayar tarafýndan zorla kapatýldý
2024-10-16 21:05:47,210 - ERROR - Exception : [WinError 10054] Varolan bir baðlantý uzaktaki bir ana bilgisayar tarafýndan zorla kapatýldý
2024-10-16 21:05:47,515 - ERROR - Exception : [WinError 10054] Varolan bir baðlantý uzaktaki bir ana bilgisayar tarafýndan zorla kapatýldý
2024-10-16 21:05:47,571 - ERROR - Exception : [WinError 10054] Varolan bir baðlantý uzaktaki bir ana bilgisayar tarafýndan zorla kapatýldý
2024-10-16 21:05:48,050 - ERROR - Exception : [WinError 10054] Varolan bir baðlantý uzaktaki bir ana bilgisayar tarafýndan zorla kapatýldý
2024-10-16 21:05:48,131 - ERROR - Exception : [WinError 10054] Varolan bir baðlantý uzaktaki bir ana bilgisayar tarafýndan zorla kapatýldý
2024-10-16 21:05:48,132 - ERROR - Exception : [WinError 10054] Varolan bir baðlantý uzaktaki bir ana bilgisayar tarafýndan zorla kapatýldý
2024-10-16 21:05:48,300 - ERROR - Exception : [WinError 10054] Varolan bir baðlantý uzaktaki bir ana bilgisayar tarafýndan zorla kapatýldý
2024-10-16 21:05:48,497 - ERROR - Exception : [WinError 10054] Varolan bir baðlantý uzaktaki bir ana bilgisayar tarafýndan zorla kapatýldý
2024-10-16 21:05:48,558 - ERROR - Exception : [WinError 10054] Varolan bir baðlantý uzaktaki bir ana bilgisayar tarafýndan zorla kapatýldý
2024-10-16 21:05:48,599 - ERROR - Exception : [WinError 10054] Varolan bir baðlantý uzaktaki bir ana bilgisayar tarafýndan zorla kapatýldý
2024-10-16 21:05:49,000 - ERROR - Exception : [WinError 10054] Varolan bir baðlantý uzaktaki bir ana bilgisayar tarafýndan zorla kapatýldý
2024-10-16 21:05:49,427 - ERROR - Exception : [WinError 10054] Varolan bir baðlantý uzaktaki bir ana bilgisayar tarafýndan zorla kapatýldý
2024-10-16 21:05:49,860 - ERROR - Exception : 500 Server Error: Internal Server Error for url: https://www.myoffers.co.uk/
2024-10-16 21:05:49,872 - ERROR - Exception : [WinError 10054] Varolan bir baðlantý uzaktaki bir ana bilgisayar tarafýndan zorla kapatýldý
2024-10-16 21:05:49,901 - INFO - Skipping https://myoffers.co.uk due to being N/A for some features.
2024-10-16 21:05:50,002 - ERROR - Exception : [WinError 10054] Varolan bir baðlantý uzaktaki bir ana bilgisayar tarafýndan zorla kapatýldý
2024-10-16 21:05:50,591 - ERROR - Exception : [WinError 10054] Varolan bir baðlantý uzaktaki bir ana bilgisayar tarafýndan zorla kapatýldý
2024-10-16 21:05:50,648 - ERROR - Exception : [WinError 10054] Varolan bir baðlantý uzaktaki bir ana bilgisayar tarafýndan zorla kapatýldý
2024-10-16 21:05:50,859 - ERROR - Exception : [WinError 10054] Varolan bir baðlantý uzaktaki bir ana bilgisayar tarafýndan zorla kapatýldý
2024-10-16 21:05:50,864 - ERROR - Exception : [WinError 10054] Varolan bir baðlantý uzaktaki bir ana bilgisayar tarafýndan zorla kapatýldý
2024-10-16 21:05:51,127 - ERROR - Exception : [WinError 10054] Varolan bir baðlantý uzaktaki bir ana bilgisayar tarafýndan zorla kapatýldý
2024-10-16 21:05:51,243 - ERROR - Exception : [WinError 10054] Varolan bir baðlantý uzaktaki bir ana bilgisayar tarafýndan zorla kapatýldý
2024-10-16 21:05:51,311 - ERROR - Exception : [WinError 10054] Varolan bir baðlantý uzaktaki bir ana bilgisayar tarafýndan zorla kapatýldý
2024-10-16 21:05:51,311 - ERROR - Exception : [WinError 10054] Varolan bir baðlantý uzaktaki bir ana bilgisayar tarafýndan zorla kapatýldý
2024-10-16 21:05:51,312 - ERROR - Exception : [WinError 10054] Varolan bir baðlantý uzaktaki bir ana bilgisayar tarafýndan zorla kapatýldý
2024-10-16 21:05:51,312 - ERROR - Exception : [WinError 10054] Varolan bir baðlantý uzaktaki bir ana bilgisayar tarafýndan zorla kapatýldý
2024-10-16 21:05:51,461 - ERROR - Exception : [WinError 10054] Varolan bir baðlantý uzaktaki bir ana bilgisayar tarafýndan zorla kapatýldý
2024-10-16 21:05:51,497 - ERROR - Exception : [WinError 10054] Varolan bir baðlantý uzaktaki bir ana bilgisayar tarafýndan zorla kapatýldý
2024-10-16 21:05:51,956 - ERROR - Exception : [WinError 10054] Varolan bir baðlantý uzaktaki bir ana bilgisayar tarafýndan zorla kapatýldý
2024-10-16 21:05:52,002 - ERROR - Exception : [WinError 10054] Varolan bir baðlantý uzaktaki bir ana bilgisayar tarafýndan zorla kapatýldý
2024-10-16 21:05:52,019 - ERROR - Exception : [WinError 10054] Varolan bir baðlantý uzaktaki bir ana bilgisayar tarafýndan zorla kapatýldý
2024-10-16 21:05:52,154 - ERROR - Exception : [WinError 10054] Varolan bir baðlantý uzaktaki bir ana bilgisayar tarafýndan zorla kapatýldý
2024-10-16 21:05:52,472 - ERROR - Exception : [WinError 10054] Varolan bir baðlantý uzaktaki bir ana bilgisayar tarafýndan zorla kapatýldý
2024-10-16 21:05:52,702 - ERROR - Exception : [WinError 10054] Varolan bir baðlantý uzaktaki bir ana bilgisayar tarafýndan zorla kapatýldý
2024-10-16 21:05:52,888 - ERROR - Exception : [WinError 10054] Varolan bir baðlantý uzaktaki bir ana bilgisayar tarafýndan zorla kapatýldý
2024-10-16 21:05:52,889 - ERROR - Exception : [WinError 10054] Varolan bir baðlantý uzaktaki bir ana bilgisayar tarafýndan zorla kapatýldý
2024-10-16 21:05:53,230 - ERROR - Exception : [WinError 10054] Varolan bir baðlantý uzaktaki bir ana bilgisayar tarafýndan zorla kapatýldý
2024-10-16 21:05:53,999 - ERROR - Exception : [WinError 10054] Varolan bir baðlantý uzaktaki bir ana bilgisayar tarafýndan zorla kapatýldý
2024-10-16 21:05:54,130 - ERROR - Exception : [WinError 10054] Varolan bir baðlantý uzaktaki bir ana bilgisayar tarafýndan zorla kapatýldý
2024-10-16 21:05:54,149 - ERROR - Exception : [WinError 10054] Varolan bir baðlantý uzaktaki bir ana bilgisayar tarafýndan zorla kapatýldý
2024-10-16 21:05:59,143 - ERROR - Exception : [WinError 10054] Varolan bir baðlantý uzaktaki bir ana bilgisayar tarafýndan zorla kapatýldý
2024-10-16 21:05:59,546 - ERROR - Exception : [WinError 10054] Varolan bir baðlantý uzaktaki bir ana bilgisayar tarafýndan zorla kapatýldý
2024-10-16 21:05:59,898 - ERROR - Exception : [WinError 10054] Varolan bir baðlantý uzaktaki bir ana bilgisayar tarafýndan zorla kapatýldý
2024-10-16 21:06:00,153 - ERROR - Exception : [WinError 10054] Varolan bir baðlantý uzaktaki bir ana bilgisayar tarafýndan zorla kapatýldý
2024-10-16 21:06:00,457 - ERROR - Exception : [WinError 10054] Varolan bir baðlantý uzaktaki bir ana bilgisayar tarafýndan zorla kapatýldý
2024-10-16 21:06:00,459 - ERROR - Exception : [WinError 10054] Varolan bir baðlantý uzaktaki bir ana bilgisayar tarafýndan zorla kapatýldý
2024-10-16 21:06:00,473 - ERROR - Exception : [WinError 10054] Varolan bir baðlantý uzaktaki bir ana bilgisayar tarafýndan zorla kapatýldý
2024-10-16 21:06:00,807 - ERROR - Exception : [WinError 10054] Varolan bir baðlantý uzaktaki bir ana bilgisayar tarafýndan zorla kapatýldý
2024-10-16 21:06:00,926 - ERROR - Exception : [WinError 10054] Varolan bir baðlantý uzaktaki bir ana bilgisayar tarafýndan zorla kapatýldý
2024-10-16 21:06:01,246 - ERROR - Exception : [WinError 10054] Varolan bir baðlantý uzaktaki bir ana bilgisayar tarafýndan zorla kapatýldý
2024-10-16 21:06:01,537 - ERROR - Exception : [WinError 10054] Varolan bir baðlantý uzaktaki bir ana bilgisayar tarafýndan zorla kapatýldý
2024-10-16 21:06:01,701 - ERROR - Exception : [WinError 10054] Varolan bir baðlantý uzaktaki bir ana bilgisayar tarafýndan zorla kapatýldý
2024-10-16 21:06:02,392 - ERROR - Exception : [WinError 10054] Varolan bir baðlantý uzaktaki bir ana bilgisayar tarafýndan zorla kapatýldý
2024-10-16 21:06:02,550 - ERROR - Exception : [WinError 10054] Varolan bir baðlantý uzaktaki bir ana bilgisayar tarafýndan zorla kapatýldý
2024-10-16 21:06:02,655 - ERROR - Exception : [WinError 10054] Varolan bir baðlantý uzaktaki bir ana bilgisayar tarafýndan zorla kapatýldý
2024-10-16 21:06:02,664 - ERROR - Exception : [WinError 10054] Varolan bir baðlantý uzaktaki bir ana bilgisayar tarafýndan zorla kapatýldý
2024-10-16 21:06:02,844 - ERROR - Exception : [WinError 10054] Varolan bir baðlantý uzaktaki bir ana bilgisayar tarafýndan zorla kapatýldý
2024-10-16 21:06:03,059 - ERROR - Exception : [WinError 10054] Varolan bir baðlantý uzaktaki bir ana bilgisayar tarafýndan zorla kapatýldý
2024-10-16 21:06:03,369 - ERROR - Exception : [WinError 10054] Varolan bir baðlantý uzaktaki bir ana bilgisayar tarafýndan zorla kapatýldý
2024-10-16 21:06:03,425 - ERROR - Exception : [WinError 10054] Varolan bir baðlantý uzaktaki bir ana bilgisayar tarafýndan zorla kapatýldý
2024-10-16 21:06:03,445 - ERROR - Exception : [WinError 10054] Varolan bir baðlantý uzaktaki bir ana bilgisayar tarafýndan zorla kapatýldý
2024-10-16 21:06:03,633 - ERROR - Exception : [WinError 10054] Varolan bir baðlantý uzaktaki bir ana bilgisayar tarafýndan zorla kapatýldý
2024-10-16 21:06:04,019 - ERROR - Exception : [WinError 10054] Varolan bir baðlantý uzaktaki bir ana bilgisayar tarafýndan zorla kapatýldý
2024-10-16 21:06:04,133 - ERROR - Exception : [WinError 10054] Varolan bir baðlantý uzaktaki bir ana bilgisayar tarafýndan zorla kapatýldý
2024-10-16 21:06:04,188 - ERROR - Exception : [WinError 10054] Varolan bir baðlantý uzaktaki bir ana bilgisayar tarafýndan zorla kapatýldý
2024-10-16 21:06:04,412 - ERROR - Exception : [WinError 10054] Varolan bir baðlantý uzaktaki bir ana bilgisayar tarafýndan zorla kapatýldý
2024-10-16 21:06:04,456 - ERROR - Exception : [WinError 10054] Varolan bir baðlantý uzaktaki bir ana bilgisayar tarafýndan zorla kapatýldý
2024-10-16 21:06:04,595 - ERROR - Exception : [WinError 10054] Varolan bir baðlantý uzaktaki bir ana bilgisayar tarafýndan zorla kapatýldý
2024-10-16 21:06:04,595 - ERROR - Exception : [WinError 10054] Varolan bir baðlantý uzaktaki bir ana bilgisayar tarafýndan zorla kapatýldý
2024-10-16 21:06:04,753 - ERROR - Exception : [WinError 10054] Varolan bir baðlantý uzaktaki bir ana bilgisayar tarafýndan zorla kapatýldý
2024-10-16 21:06:04,843 - ERROR - Exception : [WinError 10054] Varolan bir baðlantý uzaktaki bir ana bilgisayar tarafýndan zorla kapatýldý
2024-10-16 21:06:04,973 - ERROR - Exception : [WinError 10054] Varolan bir baðlantý uzaktaki bir ana bilgisayar tarafýndan zorla kapatýldý
2024-10-16 21:06:05,105 - ERROR - Exception : [WinError 10054] Varolan bir baðlantý uzaktaki bir ana bilgisayar tarafýndan zorla kapatýldý
2024-10-16 21:06:05,275 - ERROR - Exception : [WinError 10054] Varolan bir baðlantý uzaktaki bir ana bilgisayar tarafýndan zorla kapatýldý
2024-10-16 21:06:05,667 - ERROR - Exception : [WinError 10054] Varolan bir baðlantý uzaktaki bir ana bilgisayar tarafýndan zorla kapatýldý
2024-10-16 21:06:05,925 - ERROR - Exception : [WinError 10054] Varolan bir baðlantý uzaktaki bir ana bilgisayar tarafýndan zorla kapatýldý
2024-10-16 21:06:07,775 - ERROR - Exception : [WinError 10054] Varolan bir baðlantý uzaktaki bir ana bilgisayar tarafýndan zorla kapatýldý
2024-10-16 21:06:08,808 - ERROR - Exception : [WinError 10054] Varolan bir baðlantý uzaktaki bir ana bilgisayar tarafýndan zorla kapatýldý
2024-10-16 21:06:08,877 - ERROR - Exception : timed out
2024-10-16 21:06:08,952 - ERROR - Exception : [WinError 10054] Varolan bir baðlantý uzaktaki bir ana bilgisayar tarafýndan zorla kapatýldý
2024-10-16 21:06:09,054 - ERROR - Exception : [WinError 10054] Varolan bir baðlantý uzaktaki bir ana bilgisayar tarafýndan zorla kapatýldý
2024-10-16 21:06:09,145 - ERROR - Exception : [WinError 10054] Varolan bir baðlantý uzaktaki bir ana bilgisayar tarafýndan zorla kapatýldý
2024-10-16 21:06:10,032 - ERROR - Exception : [WinError 10054] Varolan bir baðlantý uzaktaki bir ana bilgisayar tarafýndan zorla kapatýldý
2024-10-16 21:06:10,172 - ERROR - Exception : timed out
2024-10-16 21:06:10,268 - ERROR - Exception : [WinError 10054] Varolan bir baðlantý uzaktaki bir ana bilgisayar tarafýndan zorla kapatýldý
2024-10-16 21:06:10,287 - ERROR - Exception : [WinError 10054] Varolan bir baðlantý uzaktaki bir ana bilgisayar tarafýndan zorla kapatýldý
2024-10-16 21:06:10,447 - ERROR - Exception : timed out
2024-10-16 21:06:10,750 - ERROR - Exception : [WinError 10054] Varolan bir baðlantý uzaktaki bir ana bilgisayar tarafýndan zorla kapatýldý
2024-10-16 21:06:10,821 - ERROR - Exception : [WinError 10054] Varolan bir baðlantý uzaktaki bir ana bilgisayar tarafýndan zorla kapatýldý
2024-10-16 21:06:11,526 - ERROR - Exception : [WinError 10054] Varolan bir baðlantý uzaktaki bir ana bilgisayar tarafýndan zorla kapatýldý
2024-10-16 21:06:12,031 - ERROR - Exception : [WinError 10054] Varolan bir baðlantý uzaktaki bir ana bilgisayar tarafýndan zorla kapatýldý
2024-10-16 21:06:12,610 - ERROR - Exception : [WinError 10054] Varolan bir baðlantý uzaktaki bir ana bilgisayar tarafýndan zorla kapatýldý
2024-10-16 21:06:12,796 - ERROR - Exception : [WinError 10054] Varolan bir baðlantý uzaktaki bir ana bilgisayar tarafýndan zorla kapatýldý
2024-10-16 21:06:14,071 - ERROR - Exception : [WinError 10054] Varolan bir baðlantý uzaktaki bir ana bilgisayar tarafýndan zorla kapatýldý
2024-10-16 21:06:14,496 - ERROR - Exception : [WinError 10054] Varolan bir baðlantý uzaktaki bir ana bilgisayar tarafýndan zorla kapatýldý
2024-10-16 21:06:14,640 - ERROR - Exception : [WinError 10054] Varolan bir baðlantý uzaktaki bir ana bilgisayar tarafýndan zorla kapatýldý
2024-10-16 21:06:14,789 - ERROR - Exception : [WinError 10054] Varolan bir baðlantý uzaktaki bir ana bilgisayar tarafýndan zorla kapatýldý
2024-10-16 21:06:14,926 - ERROR - Exception : [WinError 10054] Varolan bir baðlantý uzaktaki bir ana bilgisayar tarafýndan zorla kapatýldý
2024-10-16 21:06:15,662 - ERROR - Exception : [WinError 10054] Varolan bir baðlantý uzaktaki bir ana bilgisayar tarafýndan zorla kapatýldý
2024-10-16 21:06:15,691 - ERROR - Exception : [WinError 10054] Varolan bir baðlantý uzaktaki bir ana bilgisayar tarafýndan zorla kapatýldý
2024-10-16 21:06:15,799 - ERROR - Exception : [WinError 10054] Varolan bir baðlantý uzaktaki bir ana bilgisayar tarafýndan zorla kapatýldý
2024-10-16 21:06:15,935 - ERROR - Exception : [WinError 10054] Varolan bir baðlantý uzaktaki bir ana bilgisayar tarafýndan zorla kapatýldý
2024-10-16 21:06:16,612 - ERROR - Exception : [WinError 10054] Varolan bir baðlantý uzaktaki bir ana bilgisayar tarafýndan zorla kapatýldý
2024-10-16 21:06:16,614 - ERROR - Exception : [WinError 10054] Varolan bir baðlantý uzaktaki bir ana bilgisayar tarafýndan zorla kapatýldý
2024-10-16 21:06:16,670 - ERROR - Exception : [WinError 10054] Varolan bir baðlantý uzaktaki bir ana bilgisayar tarafýndan zorla kapatýldý
2024-10-16 21:06:16,743 - ERROR - Exception : [WinError 10054] Varolan bir baðlantý uzaktaki bir ana bilgisayar tarafýndan zorla kapatýldý
2024-10-16 21:06:16,791 - ERROR - Exception : [WinError 10054] Varolan bir baðlantý uzaktaki bir ana bilgisayar tarafýndan zorla kapatýldý
2024-10-16 21:06:16,954 - ERROR - Exception : timed out
2024-10-16 21:06:16,993 - ERROR - Exception : [WinError 10054] Varolan bir baðlantý uzaktaki bir ana bilgisayar tarafýndan zorla kapatýldý
2024-10-16 21:06:17,005 - ERROR - Exception : [WinError 10054] Varolan bir baðlantý uzaktaki bir ana bilgisayar tarafýndan zorla kapatýldý
2024-10-16 21:06:17,138 - ERROR - Exception : [WinError 10054] Varolan bir baðlantý uzaktaki bir ana bilgisayar tarafýndan zorla kapatýldý
2024-10-16 21:06:17,142 - ERROR - Exception : [WinError 10054] Varolan bir baðlantý uzaktaki bir ana bilgisayar tarafýndan zorla kapatýldý
2024-10-16 21:06:17,189 - ERROR - Exception : [WinError 10054] Varolan bir baðlantý uzaktaki bir ana bilgisayar tarafýndan zorla kapatýldý
2024-10-16 21:06:17,199 - ERROR - Exception : [WinError 10054] Varolan bir baðlantý uzaktaki bir ana bilgisayar tarafýndan zorla kapatýldý
2024-10-16 21:06:17,246 - ERROR - Exception : [WinError 10054] Varolan bir baðlantý uzaktaki bir ana bilgisayar tarafýndan zorla kapatýldý
2024-10-16 21:06:17,377 - ERROR - Exception : [WinError 10054] Varolan bir baðlantý uzaktaki bir ana bilgisayar tarafýndan zorla kapatýldý
2024-10-16 21:06:17,456 - ERROR - Exception : [WinError 10054] Varolan bir baðlantý uzaktaki bir ana bilgisayar tarafýndan zorla kapatýldý
2024-10-16 21:06:17,672 - ERROR - Exception : [WinError 10054] Varolan bir baðlantý uzaktaki bir ana bilgisayar tarafýndan zorla kapatýldý
2024-10-16 21:06:17,756 - ERROR - Exception : [WinError 10054] Varolan bir baðlantý uzaktaki bir ana bilgisayar tarafýndan zorla kapatýldý
2024-10-16 21:06:17,855 - ERROR - Exception : [WinError 10054] Varolan bir baðlantý uzaktaki bir ana bilgisayar tarafýndan zorla kapatýldý
2024-10-16 21:06:18,162 - ERROR - Exception : [WinError 10054] Varolan bir baðlantý uzaktaki bir ana bilgisayar tarafýndan zorla kapatýldý
2024-10-16 21:06:18,180 - ERROR - Exception : [WinError 10054] Varolan bir baðlantý uzaktaki bir ana bilgisayar tarafýndan zorla kapatýldý
2024-10-16 21:06:18,234 - ERROR - Exception : [WinError 10054] Varolan bir baðlantý uzaktaki bir ana bilgisayar tarafýndan zorla kapatýldý
2024-10-16 21:06:18,333 - ERROR - Exception : [WinError 10054] Varolan bir baðlantý uzaktaki bir ana bilgisayar tarafýndan zorla kapatýldý
2024-10-16 21:06:18,454 - ERROR - Exception : [WinError 10054] Varolan bir baðlantý uzaktaki bir ana bilgisayar tarafýndan zorla kapatýldý
2024-10-16 21:06:18,593 - ERROR - Exception : [WinError 10054] Varolan bir baðlantý uzaktaki bir ana bilgisayar tarafýndan zorla kapatýldý
2024-10-16 21:06:18,669 - ERROR - Exception : [WinError 10054] Varolan bir baðlantý uzaktaki bir ana bilgisayar tarafýndan zorla kapatýldý
2024-10-16 21:06:18,762 - ERROR - Exception : timed out
2024-10-16 21:06:18,852 - ERROR - Exception : [WinError 10054] Varolan bir baðlantý uzaktaki bir ana bilgisayar tarafýndan zorla kapatýldý
2024-10-16 21:06:18,881 - ERROR - Exception : [WinError 10054] Varolan bir baðlantý uzaktaki bir ana bilgisayar tarafýndan zorla kapatýldý
2024-10-16 21:06:18,884 - ERROR - Exception : timed out
2024-10-16 21:06:18,885 - ERROR - Exception : timed out
2024-10-16 21:06:18,897 - ERROR - Exception : [WinError 10054] Varolan bir baðlantý uzaktaki bir ana bilgisayar tarafýndan zorla kapatýldý
2024-10-16 21:06:19,162 - ERROR - Exception : [WinError 10054] Varolan bir baðlantý uzaktaki bir ana bilgisayar tarafýndan zorla kapatýldý
2024-10-16 21:06:19,864 - ERROR - Exception : [WinError 10054] Varolan bir baðlantý uzaktaki bir ana bilgisayar tarafýndan zorla kapatýldý
2024-10-16 21:06:19,953 - ERROR - Exception : [WinError 10054] Varolan bir baðlantý uzaktaki bir ana bilgisayar tarafýndan zorla kapatýldý
2024-10-16 21:06:20,117 - ERROR - Exception : [WinError 10054] Varolan bir baðlantý uzaktaki bir ana bilgisayar tarafýndan zorla kapatýldý
2024-10-16 21:06:20,262 - ERROR - Exception : [WinError 10054] Varolan bir baðlantý uzaktaki bir ana bilgisayar tarafýndan zorla kapatýldý
2024-10-16 21:06:20,303 - ERROR - Exception : [WinError 10054] Varolan bir baðlantý uzaktaki bir ana bilgisayar tarafýndan zorla kapatýldý
2024-10-16 21:06:20,773 - ERROR - Exception : [WinError 10054] Varolan bir baðlantý uzaktaki bir ana bilgisayar tarafýndan zorla kapatýldý
2024-10-16 21:06:20,773 - ERROR - Exception : [WinError 10054] Varolan bir baðlantý uzaktaki bir ana bilgisayar tarafýndan zorla kapatýldý
2024-10-16 21:06:22,275 - ERROR - Exception : timed out
2024-10-16 21:06:22,492 - ERROR - Exception : timed out
2024-10-16 21:06:22,597 - ERROR - Exception : timed out
2024-10-16 21:06:22,627 - ERROR - Exception : timed out
2024-10-16 21:06:22,671 - ERROR - Exception : [WinError 10054] Varolan bir baðlantý uzaktaki bir ana bilgisayar tarafýndan zorla kapatýldý
2024-10-16 21:06:22,703 - ERROR - Exception : timed out
2024-10-16 21:06:22,969 - ERROR - Exception : [WinError 10054] Varolan bir baðlantý uzaktaki bir ana bilgisayar tarafýndan zorla kapatýldý
2024-10-16 21:06:23,804 - ERROR - Exception : [WinError 10054] Varolan bir baðlantý uzaktaki bir ana bilgisayar tarafýndan zorla kapatýldý
2024-10-16 21:06:23,845 - ERROR - Exception : [WinError 10054] Varolan bir baðlantý uzaktaki bir ana bilgisayar tarafýndan zorla kapatýldý
2024-10-16 21:06:24,755 - ERROR - Exception : timed out
2024-10-16 21:06:24,818 - ERROR - Exception : timed out
2024-10-16 21:06:25,031 - ERROR - Exception : timed out
2024-10-16 21:06:26,874 - ERROR - Exception : [WinError 10054] Varolan bir baðlantý uzaktaki bir ana bilgisayar tarafýndan zorla kapatýldý
2024-10-16 21:06:29,103 - ERROR - Exception : [WinError 10054] Varolan bir baðlantý uzaktaki bir ana bilgisayar tarafýndan zorla kapatýldý
2024-10-16 21:06:30,044 - ERROR - Exception : [WinError 10054] Varolan bir baðlantý uzaktaki bir ana bilgisayar tarafýndan zorla kapatýldý
2024-10-16 21:06:30,075 - ERROR - Exception : [WinError 10054] Varolan bir baðlantý uzaktaki bir ana bilgisayar tarafýndan zorla kapatýldý
2024-10-16 21:06:30,485 - ERROR - Exception : [WinError 10054] Varolan bir baðlantý uzaktaki bir ana bilgisayar tarafýndan zorla kapatýldý
2024-10-16 21:06:30,661 - ERROR - Exception : [WinError 10054] Varolan bir baðlantý uzaktaki bir ana bilgisayar tarafýndan zorla kapatýldý
2024-10-16 21:06:31,112 - ERROR - Exception : No entries found for the selected source(s).

>>> Last update of WHOIS database: 2024.10.17T00:06:22Z <<<

2024-10-16 21:06:31,396 - ERROR - Exception : [WinError 10054] Varolan bir baðlantý uzaktaki bir ana bilgisayar tarafýndan zorla kapatýldý
2024-10-16 21:06:31,416 - ERROR - Exception : [WinError 10054] Varolan bir baðlantý uzaktaki bir ana bilgisayar tarafýndan zorla kapatýldý
2024-10-16 21:06:32,680 - ERROR - Exception : [WinError 10054] Varolan bir baðlantý uzaktaki bir ana bilgisayar tarafýndan zorla kapatýldý
2024-10-16 21:06:32,761 - ERROR - Exception : [WinError 10054] Varolan bir baðlantý uzaktaki bir ana bilgisayar tarafýndan zorla kapatýldý
2024-10-16 21:06:32,988 - ERROR - Exception : [WinError 10054] Varolan bir baðlantý uzaktaki bir ana bilgisayar tarafýndan zorla kapatýldý
2024-10-16 21:06:33,313 - ERROR - Exception : timed out
2024-10-16 21:06:33,393 - ERROR - Exception : [WinError 10054] Varolan bir baðlantý uzaktaki bir ana bilgisayar tarafýndan zorla kapatýldý
2024-10-16 21:06:33,400 - ERROR - Exception : timed out
2024-10-16 21:06:33,772 - ERROR - Exception : [WinError 10054] Varolan bir baðlantý uzaktaki bir ana bilgisayar tarafýndan zorla kapatýldý
2024-10-16 21:06:33,806 - ERROR - Exception : timed out
2024-10-16 21:06:33,854 - ERROR - Exception : timed out
2024-10-16 21:06:34,084 - ERROR - Exception : timed out
2024-10-16 21:06:34,333 - ERROR - Exception : [WinError 10054] Varolan bir baðlantý uzaktaki bir ana bilgisayar tarafýndan zorla kapatýldý
2024-10-16 21:06:34,613 - ERROR - Exception : [WinError 10054] Varolan bir baðlantý uzaktaki bir ana bilgisayar tarafýndan zorla kapatýldý
2024-10-16 21:06:34,750 - ERROR - Exception : [WinError 10054] Varolan bir baðlantý uzaktaki bir ana bilgisayar tarafýndan zorla kapatýldý
2024-10-16 21:06:34,801 - ERROR - Exception : [WinError 10054] Varolan bir baðlantý uzaktaki bir ana bilgisayar tarafýndan zorla kapatýldý
2024-10-16 21:06:35,447 - ERROR - Exception : [WinError 10054] Varolan bir baðlantý uzaktaki bir ana bilgisayar tarafýndan zorla kapatýldý
2024-10-16 21:06:35,500 - ERROR - Exception : [WinError 10054] Varolan bir baðlantý uzaktaki bir ana bilgisayar tarafýndan zorla kapatýldý
2024-10-16 21:06:35,501 - ERROR - Exception : [WinError 10054] Varolan bir baðlantý uzaktaki bir ana bilgisayar tarafýndan zorla kapatýldý
2024-10-16 21:06:36,163 - ERROR - Exception : [WinError 10054] Varolan bir baðlantý uzaktaki bir ana bilgisayar tarafýndan zorla kapatýldý
2024-10-16 21:06:36,613 - ERROR - Exception : [WinError 10054] Varolan bir baðlantý uzaktaki bir ana bilgisayar tarafýndan zorla kapatýldý
2024-10-16 21:06:36,787 - ERROR - Exception : [WinError 10054] Varolan bir baðlantý uzaktaki bir ana bilgisayar tarafýndan zorla kapatýldý
2024-10-16 21:06:37,225 - ERROR - Exception : [WinError 10054] Varolan bir baðlantý uzaktaki bir ana bilgisayar tarafýndan zorla kapatýldý
2024-10-16 21:06:39,256 - ERROR - Exception : [WinError 10054] Varolan bir baðlantý uzaktaki bir ana bilgisayar tarafýndan zorla kapatýldý
2024-10-16 21:06:39,721 - ERROR - Exception : [WinError 10054] Varolan bir baðlantý uzaktaki bir ana bilgisayar tarafýndan zorla kapatýldý
2024-10-16 21:06:39,813 - ERROR - Exception : [WinError 10054] Varolan bir baðlantý uzaktaki bir ana bilgisayar tarafýndan zorla kapatýldý
2024-10-16 21:06:39,844 - ERROR - Exception : [WinError 10054] Varolan bir baðlantý uzaktaki bir ana bilgisayar tarafýndan zorla kapatýldý
2024-10-16 21:06:39,963 - ERROR - Exception : [WinError 10054] Varolan bir baðlantý uzaktaki bir ana bilgisayar tarafýndan zorla kapatýldý
2024-10-16 21:06:40,165 - ERROR - Exception : [WinError 10054] Varolan bir baðlantý uzaktaki bir ana bilgisayar tarafýndan zorla kapatýldý
2024-10-16 21:06:40,500 - ERROR - Exception : [WinError 10054] Varolan bir baðlantý uzaktaki bir ana bilgisayar tarafýndan zorla kapatýldý
2024-10-16 21:06:40,540 - ERROR - Exception : [WinError 10054] Varolan bir baðlantý uzaktaki bir ana bilgisayar tarafýndan zorla kapatýldý
2024-10-16 21:06:40,601 - ERROR - Exception : [WinError 10054] Varolan bir baðlantý uzaktaki bir ana bilgisayar tarafýndan zorla kapatýldý
2024-10-16 21:06:40,711 - ERROR - Exception : [WinError 10054] Varolan bir baðlantý uzaktaki bir ana bilgisayar tarafýndan zorla kapatýldý
2024-10-16 21:06:40,712 - ERROR - Exception : No entries found for the selected source(s).

>>> Last update of WHOIS database: 2024.10.17T00:06:32Z <<<

2024-10-16 21:06:40,729 - ERROR - Exception : [WinError 10054] Varolan bir baðlantý uzaktaki bir ana bilgisayar tarafýndan zorla kapatýldý
2024-10-16 21:06:40,971 - ERROR - Exception : [WinError 10054] Varolan bir baðlantý uzaktaki bir ana bilgisayar tarafýndan zorla kapatýldý
2024-10-16 21:06:41,010 - ERROR - Exception : [WinError 10054] Varolan bir baðlantý uzaktaki bir ana bilgisayar tarafýndan zorla kapatýldý
2024-10-16 21:06:41,299 - ERROR - Exception : [WinError 10054] Varolan bir baðlantý uzaktaki bir ana bilgisayar tarafýndan zorla kapatýldý
2024-10-16 21:06:41,403 - ERROR - Exception : [WinError 10054] Varolan bir baðlantý uzaktaki bir ana bilgisayar tarafýndan zorla kapatýldý
2024-10-16 21:06:41,628 - ERROR - Exception : [WinError 10054] Varolan bir baðlantý uzaktaki bir ana bilgisayar tarafýndan zorla kapatýldý
2024-10-16 21:06:42,042 - ERROR - Exception : [WinError 10054] Varolan bir baðlantý uzaktaki bir ana bilgisayar tarafýndan zorla kapatýldý
2024-10-16 21:06:42,119 - ERROR - Exception : [WinError 10054] Varolan bir baðlantý uzaktaki bir ana bilgisayar tarafýndan zorla kapatýldý
2024-10-16 21:06:42,156 - ERROR - Exception : [WinError 10054] Varolan bir baðlantý uzaktaki bir ana bilgisayar tarafýndan zorla kapatýldý
2024-10-16 21:06:42,438 - ERROR - Exception : [WinError 10054] Varolan bir baðlantý uzaktaki bir ana bilgisayar tarafýndan zorla kapatýldý
2024-10-16 21:06:42,526 - ERROR - Exception : [WinError 10054] Varolan bir baðlantý uzaktaki bir ana bilgisayar tarafýndan zorla kapatýldý
2024-10-16 21:06:42,597 - ERROR - Exception : timed out
2024-10-16 21:06:42,628 - ERROR - Exception : timed out
2024-10-16 21:06:42,659 - ERROR - Exception : timed out
2024-10-16 21:06:42,720 - ERROR - Exception : [WinError 10054] Varolan bir baðlantý uzaktaki bir ana bilgisayar tarafýndan zorla kapatýldý
2024-10-16 21:06:42,733 - ERROR - Exception : [WinError 10054] Varolan bir baðlantý uzaktaki bir ana bilgisayar tarafýndan zorla kapatýldý
2024-10-16 21:06:42,763 - ERROR - Exception : timed out
2024-10-16 21:06:43,082 - ERROR - Exception : [WinError 10054] Varolan bir baðlantý uzaktaki bir ana bilgisayar tarafýndan zorla kapatýldý
2024-10-16 21:06:43,137 - ERROR - Exception : timed out
2024-10-16 21:06:43,231 - ERROR - Exception : [WinError 10054] Varolan bir baðlantý uzaktaki bir ana bilgisayar tarafýndan zorla kapatýldý
2024-10-16 21:06:43,232 - ERROR - Exception : timed out
2024-10-16 21:06:43,494 - ERROR - Exception : [WinError 10054] Varolan bir baðlantý uzaktaki bir ana bilgisayar tarafýndan zorla kapatýldý
2024-10-16 21:06:43,577 - ERROR - Exception : timed out
2024-10-16 21:06:43,735 - ERROR - Exception : [WinError 10054] Varolan bir baðlantý uzaktaki bir ana bilgisayar tarafýndan zorla kapatýldý
2024-10-16 21:06:43,807 - ERROR - Exception : timed out
2024-10-16 21:06:44,021 - ERROR - Exception : timed out
2024-10-16 21:06:44,241 - ERROR - Exception : timed out
2024-10-16 21:06:44,265 - ERROR - Exception : [WinError 10054] Varolan bir baðlantý uzaktaki bir ana bilgisayar tarafýndan zorla kapatýldý
2024-10-16 21:06:44,325 - ERROR - Exception : timed out
2024-10-16 21:06:44,417 - ERROR - Exception : [WinError 10054] Varolan bir baðlantý uzaktaki bir ana bilgisayar tarafýndan zorla kapatýldý
2024-10-16 21:06:44,694 - ERROR - Exception : [WinError 10054] Varolan bir baðlantý uzaktaki bir ana bilgisayar tarafýndan zorla kapatýldý
2024-10-16 21:06:44,731 - ERROR - Exception : timed out
2024-10-16 21:06:44,745 - ERROR - Exception : [WinError 10054] Varolan bir baðlantý uzaktaki bir ana bilgisayar tarafýndan zorla kapatýldý
2024-10-16 21:06:44,772 - ERROR - Exception : [WinError 10054] Varolan bir baðlantý uzaktaki bir ana bilgisayar tarafýndan zorla kapatýldý
2024-10-16 21:06:44,983 - ERROR - Exception : [WinError 10054] Varolan bir baðlantý uzaktaki bir ana bilgisayar tarafýndan zorla kapatýldý
2024-10-16 21:06:45,131 - ERROR - Exception : [WinError 10054] Varolan bir baðlantý uzaktaki bir ana bilgisayar tarafýndan zorla kapatýldý
2024-10-16 21:06:45,220 - ERROR - Exception : [WinError 10054] Varolan bir baðlantý uzaktaki bir ana bilgisayar tarafýndan zorla kapatýldý
2024-10-16 21:06:45,220 - ERROR - Exception : [WinError 10054] Varolan bir baðlantý uzaktaki bir ana bilgisayar tarafýndan zorla kapatýldý
2024-10-16 21:06:45,394 - ERROR - Exception : timed out
2024-10-16 21:06:45,550 - ERROR - Exception : timed out
2024-10-16 21:06:45,561 - ERROR - Exception : [WinError 10054] Varolan bir baðlantý uzaktaki bir ana bilgisayar tarafýndan zorla kapatýldý
2024-10-16 21:06:45,581 - ERROR - Exception : timed out
2024-10-16 21:06:45,582 - ERROR - Exception : timed out
2024-10-16 21:06:46,179 - ERROR - Exception : [WinError 10054] Varolan bir baðlantý uzaktaki bir ana bilgisayar tarafýndan zorla kapatýldý
2024-10-16 21:06:46,326 - ERROR - Exception : [WinError 10054] Varolan bir baðlantý uzaktaki bir ana bilgisayar tarafýndan zorla kapatýldý
2024-10-16 21:06:46,329 - ERROR - Exception : [WinError 10054] Varolan bir baðlantý uzaktaki bir ana bilgisayar tarafýndan zorla kapatýldý
2024-10-16 21:06:46,502 - ERROR - Exception : [WinError 10054] Varolan bir baðlantý uzaktaki bir ana bilgisayar tarafýndan zorla kapatýldý
2024-10-16 21:06:46,611 - ERROR - Exception : [WinError 10054] Varolan bir baðlantý uzaktaki bir ana bilgisayar tarafýndan zorla kapatýldý
2024-10-16 21:06:46,746 - ERROR - Exception : timed out
2024-10-16 21:06:46,788 - ERROR - Exception : [WinError 10054] Varolan bir baðlantý uzaktaki bir ana bilgisayar tarafýndan zorla kapatýldý
2024-10-16 21:06:46,853 - ERROR - Exception : timed out
2024-10-16 21:06:47,212 - ERROR - Exception : [WinError 10054] Varolan bir baðlantý uzaktaki bir ana bilgisayar tarafýndan zorla kapatýldý
2024-10-16 21:06:47,409 - ERROR - Exception : [WinError 10054] Varolan bir baðlantý uzaktaki bir ana bilgisayar tarafýndan zorla kapatýldý
2024-10-16 21:06:47,423 - ERROR - Exception : [WinError 10054] Varolan bir baðlantý uzaktaki bir ana bilgisayar tarafýndan zorla kapatýldý
2024-10-16 21:06:47,726 - ERROR - Exception : [WinError 10054] Varolan bir baðlantý uzaktaki bir ana bilgisayar tarafýndan zorla kapatýldý
2024-10-16 21:06:47,758 - ERROR - Exception : [WinError 10054] Varolan bir baðlantý uzaktaki bir ana bilgisayar tarafýndan zorla kapatýldý
2024-10-16 21:06:48,008 - ERROR - Exception : [WinError 10054] Varolan bir baðlantý uzaktaki bir ana bilgisayar tarafýndan zorla kapatýldý
2024-10-16 21:06:48,129 - ERROR - Exception : timed out
2024-10-16 21:06:48,180 - ERROR - Exception : [WinError 10054] Varolan bir baðlantý uzaktaki bir ana bilgisayar tarafýndan zorla kapatýldý
2024-10-16 21:06:48,206 - ERROR - Exception : [WinError 10054] Varolan bir baðlantý uzaktaki bir ana bilgisayar tarafýndan zorla kapatýldý
2024-10-16 21:06:48,295 - ERROR - Exception : [WinError 10054] Varolan bir baðlantý uzaktaki bir ana bilgisayar tarafýndan zorla kapatýldý
2024-10-16 21:06:48,345 - ERROR - Exception : [WinError 10054] Varolan bir baðlantý uzaktaki bir ana bilgisayar tarafýndan zorla kapatýldý
2024-10-16 21:06:48,603 - ERROR - Exception : [WinError 10054] Varolan bir baðlantý uzaktaki bir ana bilgisayar tarafýndan zorla kapatýldý
2024-10-16 21:06:48,653 - ERROR - Exception : [WinError 10054] Varolan bir baðlantý uzaktaki bir ana bilgisayar tarafýndan zorla kapatýldý
2024-10-16 21:06:48,893 - ERROR - Exception : [WinError 10054] Varolan bir baðlantý uzaktaki bir ana bilgisayar tarafýndan zorla kapatýldý
2024-10-16 21:06:49,061 - ERROR - Exception : [WinError 10054] Varolan bir baðlantý uzaktaki bir ana bilgisayar tarafýndan zorla kapatýldý
2024-10-16 21:06:49,062 - ERROR - Exception : [WinError 10054] Varolan bir baðlantý uzaktaki bir ana bilgisayar tarafýndan zorla kapatýldý
2024-10-16 21:06:49,122 - ERROR - Exception : [WinError 10054] Varolan bir baðlantý uzaktaki bir ana bilgisayar tarafýndan zorla kapatýldý
2024-10-16 21:06:49,122 - ERROR - Exception : [WinError 10054] Varolan bir baðlantý uzaktaki bir ana bilgisayar tarafýndan zorla kapatýldý
2024-10-16 21:06:49,170 - ERROR - Exception : [WinError 10054] Varolan bir baðlantý uzaktaki bir ana bilgisayar tarafýndan zorla kapatýldý
2024-10-16 21:06:49,731 - ERROR - Exception : [WinError 10054] Varolan bir baðlantý uzaktaki bir ana bilgisayar tarafýndan zorla kapatýldý
2024-10-16 21:06:50,198 - ERROR - Exception : [WinError 10054] Varolan bir baðlantý uzaktaki bir ana bilgisayar tarafýndan zorla kapatýldý
2024-10-16 21:06:50,562 - ERROR - Exception : [WinError 10054] Varolan bir baðlantý uzaktaki bir ana bilgisayar tarafýndan zorla kapatýldý
2024-10-16 21:06:50,640 - ERROR - Exception : [WinError 10054] Varolan bir baðlantý uzaktaki bir ana bilgisayar tarafýndan zorla kapatýldý
2024-10-16 21:06:50,870 - ERROR - Exception : [WinError 10054] Varolan bir baðlantý uzaktaki bir ana bilgisayar tarafýndan zorla kapatýldý
2024-10-16 21:06:53,484 - ERROR - Exception : No entries found for the selected source(s).

>>> Last update of WHOIS database: 2024.10.17T00:06:44Z <<<

2024-10-16 21:06:55,457 - ERROR - Exception : No entries found for the selected source(s).

>>> Last update of WHOIS database: 2024.10.17T00:06:46Z <<<

2024-10-16 21:06:55,879 - ERROR - Exception : [WinError 10054] Varolan bir baðlantý uzaktaki bir ana bilgisayar tarafýndan zorla kapatýldý
2024-10-16 21:06:55,993 - ERROR - Exception : [WinError 10054] Varolan bir baðlantý uzaktaki bir ana bilgisayar tarafýndan zorla kapatýldý
2024-10-16 21:06:57,171 - ERROR - Exception : HTTPSConnectionPool(host='oorgame.com', port=443): Read timed out. (read timeout=12)
2024-10-16 21:06:57,171 - INFO - Skipping https://oorgame.com due to being N/A for some features.
2024-10-16 21:06:57,772 - ERROR - Exception : [WinError 10054] Varolan bir baðlantý uzaktaki bir ana bilgisayar tarafýndan zorla kapatýldý
2024-10-16 21:06:57,852 - ERROR - Exception : [WinError 10054] Varolan bir baðlantý uzaktaki bir ana bilgisayar tarafýndan zorla kapatýldý
2024-10-16 21:06:58,052 - ERROR - Exception : [WinError 10054] Varolan bir baðlantý uzaktaki bir ana bilgisayar tarafýndan zorla kapatýldý
2024-10-16 21:06:58,426 - ERROR - Exception : [WinError 10054] Varolan bir baðlantý uzaktaki bir ana bilgisayar tarafýndan zorla kapatýldý
2024-10-16 21:06:58,534 - ERROR - Exception : [WinError 10054] Varolan bir baðlantý uzaktaki bir ana bilgisayar tarafýndan zorla kapatýldý
2024-10-16 21:06:59,102 - ERROR - Exception : [WinError 10054] Varolan bir baðlantý uzaktaki bir ana bilgisayar tarafýndan zorla kapatýldý
2024-10-16 21:06:59,131 - ERROR - Exception : [WinError 10054] Varolan bir baðlantý uzaktaki bir ana bilgisayar tarafýndan zorla kapatýldý
2024-10-16 21:06:59,317 - ERROR - Exception : [WinError 10054] Varolan bir baðlantý uzaktaki bir ana bilgisayar tarafýndan zorla kapatýldý
2024-10-16 21:06:59,547 - ERROR - Exception : [WinError 10054] Varolan bir baðlantý uzaktaki bir ana bilgisayar tarafýndan zorla kapatýldý
2024-10-16 21:06:59,900 - ERROR - Exception : [WinError 10054] Varolan bir baðlantý uzaktaki bir ana bilgisayar tarafýndan zorla kapatýldý
2024-10-16 21:07:00,635 - ERROR - Exception : [WinError 10054] Varolan bir baðlantý uzaktaki bir ana bilgisayar tarafýndan zorla kapatýldý
2024-10-16 21:07:00,637 - ERROR - Exception : [WinError 10054] Varolan bir baðlantý uzaktaki bir ana bilgisayar tarafýndan zorla kapatýldý
2024-10-16 21:07:01,344 - ERROR - Exception : [WinError 10054] Varolan bir baðlantý uzaktaki bir ana bilgisayar tarafýndan zorla kapatýldý
2024-10-16 21:07:01,623 - ERROR - Exception : [WinError 10054] Varolan bir baðlantý uzaktaki bir ana bilgisayar tarafýndan zorla kapatýldý
2024-10-16 21:07:01,778 - ERROR - Exception : [WinError 10054] Varolan bir baðlantý uzaktaki bir ana bilgisayar tarafýndan zorla kapatýldý
2024-10-16 21:07:01,785 - ERROR - Exception : [WinError 10054] Varolan bir baðlantý uzaktaki bir ana bilgisayar tarafýndan zorla kapatýldý
2024-10-16 21:07:02,120 - ERROR - Exception : [WinError 10054] Varolan bir baðlantý uzaktaki bir ana bilgisayar tarafýndan zorla kapatýldý
2024-10-16 21:07:02,807 - ERROR - Exception : [WinError 10054] Varolan bir baðlantý uzaktaki bir ana bilgisayar tarafýndan zorla kapatýldý
2024-10-16 21:07:02,852 - ERROR - Exception : [WinError 10054] Varolan bir baðlantý uzaktaki bir ana bilgisayar tarafýndan zorla kapatýldý
2024-10-16 21:07:02,935 - ERROR - Exception : [WinError 10054] Varolan bir baðlantý uzaktaki bir ana bilgisayar tarafýndan zorla kapatýldý
2024-10-16 21:07:03,301 - ERROR - Exception : [WinError 10054] Varolan bir baðlantý uzaktaki bir ana bilgisayar tarafýndan zorla kapatýldý
2024-10-16 21:07:03,623 - ERROR - Exception : [WinError 10054] Varolan bir baðlantý uzaktaki bir ana bilgisayar tarafýndan zorla kapatýldý
2024-10-16 21:07:03,916 - ERROR - Exception : [WinError 10054] Varolan bir baðlantý uzaktaki bir ana bilgisayar tarafýndan zorla kapatýldý
2024-10-16 21:07:04,336 - ERROR - Exception : [WinError 10054] Varolan bir baðlantý uzaktaki bir ana bilgisayar tarafýndan zorla kapatýldý
2024-10-16 21:07:04,424 - ERROR - Exception : [WinError 10054] Varolan bir baðlantý uzaktaki bir ana bilgisayar tarafýndan zorla kapatýldý
2024-10-16 21:07:05,419 - ERROR - Exception : [WinError 10054] Varolan bir baðlantý uzaktaki bir ana bilgisayar tarafýndan zorla kapatýldý
2024-10-16 21:07:05,823 - ERROR - Exception : [WinError 10054] Varolan bir baðlantý uzaktaki bir ana bilgisayar tarafýndan zorla kapatýldý
2024-10-16 21:07:21,605 - ERROR - Exception : Your connection limit exceeded. Please slow down and try again later.

2024-10-16 21:07:23,941 - ERROR - Exception : unsupported operand type(s) for -: 'datetime.datetime' and 'str'
2024-10-16 21:07:36,325 - ERROR - Exception : No entries found for the selected source(s).

>>> Last update of WHOIS database: 2024.10.17T00:07:27Z <<<

2024-10-16 21:07:44,459 - ERROR - Exception : No entries found for the selected source(s).

>>> Last update of WHOIS database: 2024.10.17T00:07:35Z <<<

2024-10-16 21:07:52,319 - ERROR - Exception : No entries found for the selected source(s).

>>> Last update of WHOIS database: 2024.10.17T00:07:43Z <<<

2024-10-16 21:08:07,769 - ERROR - Exception : No entries found for the selected source(s).

>>> Last update of WHOIS database: 2024.10.17T00:07:58Z <<<

2024-10-16 21:08:17,508 - ERROR - Exception : unsupported operand type(s) for -: 'datetime.datetime' and 'str'
2024-10-16 21:08:24,214 - ERROR - Exception : Your connection limit exceeded. Please slow down and try again later.

2024-10-16 21:08:25,163 - ERROR - Exception : unsupported operand type(s) for -: 'datetime.datetime' and 'str'
2024-10-16 21:08:32,974 - ERROR - Exception : No entries found for the selected source(s).

>>> Last update of WHOIS database: 2024.10.17T00:08:24Z <<<

2024-10-16 21:08:38,883 - ERROR - Exception : unsupported operand type(s) for -: 'datetime.datetime' and 'str'
2024-10-16 21:08:39,672 - ERROR - Exception : unsupported operand type(s) for -: 'datetime.datetime' and 'str'
2024-10-16 21:08:44,884 - ERROR - Exception : ('Connection aborted.', RemoteDisconnected('Remote end closed connection without response'))
2024-10-16 21:08:55,296 - ERROR - Exception : No entries found for the selected source(s).

>>> Last update of WHOIS database: 2024.10.17T00:08:46Z <<<

2024-10-16 21:08:58,753 - ERROR - Exception : HTTPSConnectionPool(host='www.gamestop.com', port=443): Read timed out. (read timeout=12)
2024-10-16 21:08:59,349 - ERROR - Exception : HTTPSConnectionPool(host='projectzomboid.com', port=443): Read timed out. (read timeout=12)
2024-10-16 21:08:59,473 - INFO - Skipping https://projectzomboid.com due to being N/A for some features.
2024-10-16 21:09:05,108 - ERROR - Exception : unsupported operand type(s) for -: 'datetime.datetime' and 'str'
2024-10-16 21:09:05,118 - ERROR - Exception : HTTPSConnectionPool(host='www.rail-nation.com', port=443): Max retries exceeded with url: / (Caused by SSLError(SSLError(1, '[SSL: WRONG_VERSION_NUMBER] wrong version number (_ssl.c:1006)')))
2024-10-16 21:09:05,151 - INFO - Skipping https://rail-nation.com due to being N/A for some features.
2024-10-16 21:09:11,374 - ERROR - Exception : unsupported operand type(s) for -: 'datetime.datetime' and 'str'
2024-10-16 21:09:39,202 - ERROR - Exception : No match for "SAMDANGAMES.BLOGSPOT.COM".
>>> Last update of whois database: 2024-10-16T21:09:22Z <<<

NOTICE: The expiration date displayed in this record is the date the
registrar's sponsorship of the domain name registration in the registry is
currently set to expire. This date does not necessarily reflect the expiration
date of the domain name registrant's agreement with the sponsoring
registrar.  Users may consult the sponsoring registrar's Whois database to
view the registrar's reported date of expiration for this registration.

TERMS OF USE: You are not authorized to access or query our Whois
database through the use of electronic processes that are high-volume and
automated except as reasonably necessary to register domain names or
modify existing registrations; the Data in VeriSign Global Registry
Services' ("VeriSign") Whois database is provided by VeriSign for
information purposes only, and to assist persons in obtaining information
about or related to a domain name registration record. VeriSign does not
guarantee its accuracy. By submitting a Whois query, you agree to abide
by the following terms of use: You agree that you may use this Data only
for lawful purposes and that under no circumstances will you use this Data
to: (1) allow, enable, or otherwise support the transmission of mass
unsolicited, commercial advertising or solicitations via e-mail, telephone,
or facsimile; or (2) enable high volume, automated, electronic processes
that apply to VeriSign (or its computer systems). The compilation,
repackaging, dissemination or other use of this Data is expressly
prohibited without the prior written consent of VeriSign. You agree not to
use electronic processes that are automated and high-volume to access or
query the Whois database except as reasonably necessary to register
domain names or modify existing registrations. VeriSign reserves the right
to restrict your access to the Whois database in its sole discretion to ensure
operational stability.  VeriSign may restrict or terminate your access to the
Whois database for failure to abide by these terms of use. VeriSign
reserves the right to modify these terms at any time.

The Registry database contains ONLY .COM, .NET, .EDU domains and
Registrars.

2024-10-16 21:09:40,752 - ERROR - Exception : No entries found for the selected source(s).

>>> Last update of WHOIS database: 2024.10.17T00:09:32Z <<<

2024-10-16 21:09:49,485 - ERROR - Exception : No entries found for the selected source(s).

>>> Last update of WHOIS database: 2024.10.17T00:09:40Z <<<

2024-10-16 21:09:51,635 - ERROR - Exception : unsupported operand type(s) for -: 'datetime.datetime' and 'str'
2024-10-16 21:09:56,525 - ERROR - Exception : unsupported operand type(s) for -: 'datetime.datetime' and 'str'
2024-10-16 21:09:59,024 - ERROR - Exception : Your connection limit exceeded. Please slow down and try again later.

2024-10-16 21:10:05,975 - ERROR - Exception : No match for "SIMS4CCTHEBEST.BLOGSPOT.COM".
>>> Last update of whois database: 2024-10-16T21:09:52Z <<<

NOTICE: The expiration date displayed in this record is the date the
registrar's sponsorship of the domain name registration in the registry is
currently set to expire. This date does not necessarily reflect the expiration
date of the domain name registrant's agreement with the sponsoring
registrar.  Users may consult the sponsoring registrar's Whois database to
view the registrar's reported date of expiration for this registration.

TERMS OF USE: You are not authorized to access or query our Whois
database through the use of electronic processes that are high-volume and
automated except as reasonably necessary to register domain names or
modify existing registrations; the Data in VeriSign Global Registry
Services' ("VeriSign") Whois database is provided by VeriSign for
information purposes only, and to assist persons in obtaining information
about or related to a domain name registration record. VeriSign does not
guarantee its accuracy. By submitting a Whois query, you agree to abide
by the following terms of use: You agree that you may use this Data only
for lawful purposes and that under no circumstances will you use this Data
to: (1) allow, enable, or otherwise support the transmission of mass
unsolicited, commercial advertising or solicitations via e-mail, telephone,
or facsimile; or (2) enable high volume, automated, electronic processes
that apply to VeriSign (or its computer systems). The compilation,
repackaging, dissemination or other use of this Data is expressly
prohibited without the prior written consent of VeriSign. You agree not to
use electronic processes that are automated and high-volume to access or
query the Whois database except as reasonably necessary to register
domain names or modify existing registrations. VeriSign reserves the right
to restrict your access to the Whois database in its sole discretion to ensure
operational stability.  VeriSign may restrict or terminate your access to the
Whois database for failure to abide by these terms of use. VeriSign
reserves the right to modify these terms at any time.

The Registry database contains ONLY .COM, .NET, .EDU domains and
Registrars.

2024-10-16 21:10:14,982 - ERROR - Exception : Your connection limit exceeded. Please slow down and try again later.

2024-10-16 21:10:20,081 - ERROR - Exception : No entries found for the selected source(s).

>>> Last update of WHOIS database: 2024.10.17T00:10:11Z <<<

2024-10-16 21:10:25,475 - ERROR - Exception : No match for "SOCCERPHILE.BLOGSPOT.COM".
>>> Last update of whois database: 2024-10-16T21:10:08Z <<<

NOTICE: The expiration date displayed in this record is the date the
registrar's sponsorship of the domain name registration in the registry is
currently set to expire. This date does not necessarily reflect the expiration
date of the domain name registrant's agreement with the sponsoring
registrar.  Users may consult the sponsoring registrar's Whois database to
view the registrar's reported date of expiration for this registration.

TERMS OF USE: You are not authorized to access or query our Whois
database through the use of electronic processes that are high-volume and
automated except as reasonably necessary to register domain names or
modify existing registrations; the Data in VeriSign Global Registry
Services' ("VeriSign") Whois database is provided by VeriSign for
information purposes only, and to assist persons in obtaining information
about or related to a domain name registration record. VeriSign does not
guarantee its accuracy. By submitting a Whois query, you agree to abide
by the following terms of use: You agree that you may use this Data only
for lawful purposes and that under no circumstances will you use this Data
to: (1) allow, enable, or otherwise support the transmission of mass
unsolicited, commercial advertising or solicitations via e-mail, telephone,
or facsimile; or (2) enable high volume, automated, electronic processes
that apply to VeriSign (or its computer systems). The compilation,
repackaging, dissemination or other use of this Data is expressly
prohibited without the prior written consent of VeriSign. You agree not to
use electronic processes that are automated and high-volume to access or
query the Whois database except as reasonably necessary to register
domain names or modify existing registrations. VeriSign reserves the right
to restrict your access to the Whois database in its sole discretion to ensure
operational stability.  VeriSign may restrict or terminate your access to the
Whois database for failure to abide by these terms of use. VeriSign
reserves the right to modify these terms at any time.

The Registry database contains ONLY .COM, .NET, .EDU domains and
Registrars.

2024-10-16 21:10:35,757 - ERROR - Exception : ('Connection aborted.', RemoteDisconnected('Remote end closed connection without response'))
2024-10-16 21:10:42,074 - ERROR - Exception : ('Connection aborted.', RemoteDisconnected('Remote end closed connection without response'))
2024-10-16 21:11:00,463 - ERROR - Exception : No entries found for the selected source(s).

>>> Last update of WHOIS database: 2024.10.17T00:10:51Z <<<

2024-10-16 21:11:04,610 - ERROR - Exception : No entries found for the selected source(s).

>>> Last update of WHOIS database: 2024.10.17T00:10:55Z <<<

2024-10-16 21:11:08,103 - ERROR - Exception : ('Connection aborted.', RemoteDisconnected('Remote end closed connection without response'))
2024-10-16 21:11:09,607 - ERROR - Exception : unsupported operand type(s) for -: 'datetime.datetime' and 'str'
2024-10-16 21:11:11,138 - ERROR - Exception : HTTPSConnectionPool(host='stonergames.net', port=443): Read timed out. (read timeout=12)
2024-10-16 21:11:11,155 - INFO - Skipping https://stonergames.net due to being N/A for some features.
2024-10-16 21:11:12,518 - ERROR - Exception : Your connection limit exceeded. Please slow down and try again later.

2024-10-16 21:11:20,171 - ERROR - Exception : No entries found for the selected source(s).

>>> Last update of WHOIS database: 2024.10.17T00:11:11Z <<<

2024-10-16 21:11:22,594 - ERROR - Exception : unsupported operand type(s) for -: 'datetime.datetime' and 'str'
2024-10-16 21:11:33,589 - ERROR - Exception : unsupported operand type(s) for -: 'datetime.datetime' and 'str'
2024-10-16 21:11:46,192 - ERROR - Exception : No entries found for the selected source(s).

>>> Last update of WHOIS database: 2024.10.17T00:11:37Z <<<

2024-10-16 21:11:54,914 - ERROR - Exception : No entries found for the selected source(s).

>>> Last update of WHOIS database: 2024.10.17T00:11:46Z <<<

2024-10-16 21:12:05,827 - ERROR - Exception : No entries found for the selected source(s).

>>> Last update of WHOIS database: 2024.10.17T00:11:57Z <<<

2024-10-16 21:12:10,432 - ERROR - Exception : 403 Client Error: Forbidden for url: https://tradbow.com/
2024-10-16 21:12:10,433 - INFO - Skipping https://tradbow.com due to being N/A for some features.
2024-10-16 21:12:11,834 - ERROR - Exception : ('Connection aborted.', RemoteDisconnected('Remote end closed connection without response'))
2024-10-16 21:12:14,538 - ERROR - Exception : unsupported operand type(s) for -: 'datetime.datetime' and 'str'
2024-10-16 21:12:15,414 - ERROR - Exception : HTTPSConnectionPool(host='top-www.com', port=443): Read timed out. (read timeout=12)
2024-10-16 21:12:15,430 - INFO - Skipping https://top-www.com due to being N/A for some features.
2024-10-16 21:12:17,154 - ERROR - Exception : unsupported operand type(s) for -: 'datetime.datetime' and 'str'
2024-10-16 21:12:23,899 - ERROR - Exception : HTTPSConnectionPool(host='tiyatroterminal.com', port=443): Max retries exceeded with url: / (Caused by ConnectTimeoutError(<urllib3.connection.HTTPSConnection object at 0x000001798C478690>, 'Connection to tiyatroterminal.com timed out. (connect timeout=12)'))
2024-10-16 21:12:32,737 - ERROR - Exception : No entries found for the selected source(s).

>>> Last update of WHOIS database: 2024.10.17T00:12:23Z <<<

2024-10-16 21:12:34,376 - ERROR - Exception : No entries found for the selected source(s).

>>> Last update of WHOIS database: 2024.10.17T00:12:25Z <<<

2024-10-16 21:12:35,651 - ERROR - Exception : No entries found for the selected source(s).

>>> Last update of WHOIS database: 2024.10.17T00:12:26Z <<<

2024-10-16 21:12:37,173 - ERROR - Exception : unsupported operand type(s) for -: 'datetime.datetime' and 'str'
2024-10-16 21:12:44,174 - ERROR - Exception : unsupported operand type(s) for -: 'datetime.datetime' and 'str'
2024-10-16 21:12:51,808 - ERROR - Exception : No entries found for the selected source(s).

>>> Last update of WHOIS database: 2024.10.17T00:12:43Z <<<

2024-10-16 21:12:54,271 - ERROR - Exception : 403 Client Error: Forbidden for url: https://www.giantbomb.com/
2024-10-16 21:12:54,307 - INFO - Skipping https://videogames.com due to being N/A for some features.
2024-10-16 21:12:56,284 - ERROR - Exception : No match for "VICALUNA.BLOGSPOT.COM".
>>> Last update of whois database: 2024-10-16T21:12:37Z <<<

NOTICE: The expiration date displayed in this record is the date the
registrar's sponsorship of the domain name registration in the registry is
currently set to expire. This date does not necessarily reflect the expiration
date of the domain name registrant's agreement with the sponsoring
registrar.  Users may consult the sponsoring registrar's Whois database to
view the registrar's reported date of expiration for this registration.

TERMS OF USE: You are not authorized to access or query our Whois
database through the use of electronic processes that are high-volume and
automated except as reasonably necessary to register domain names or
modify existing registrations; the Data in VeriSign Global Registry
Services' ("VeriSign") Whois database is provided by VeriSign for
information purposes only, and to assist persons in obtaining information
about or related to a domain name registration record. VeriSign does not
guarantee its accuracy. By submitting a Whois query, you agree to abide
by the following terms of use: You agree that you may use this Data only
for lawful purposes and that under no circumstances will you use this Data
to: (1) allow, enable, or otherwise support the transmission of mass
unsolicited, commercial advertising or solicitations via e-mail, telephone,
or facsimile; or (2) enable high volume, automated, electronic processes
that apply to VeriSign (or its computer systems). The compilation,
repackaging, dissemination or other use of this Data is expressly
prohibited without the prior written consent of VeriSign. You agree not to
use electronic processes that are automated and high-volume to access or
query the Whois database except as reasonably necessary to register
domain names or modify existing registrations. VeriSign reserves the right
to restrict your access to the Whois database in its sole discretion to ensure
operational stability.  VeriSign may restrict or terminate your access to the
Whois database for failure to abide by these terms of use. VeriSign
reserves the right to modify these terms at any time.

The Registry database contains ONLY .COM, .NET, .EDU domains and
Registrars.

2024-10-16 21:13:06,331 - ERROR - Exception : No entries found for the selected source(s).

>>> Last update of WHOIS database: 2024.10.17T00:12:57Z <<<

2024-10-16 21:13:08,026 - ERROR - Exception : 500 Server Error: Internal Server Error for url: https://warrobots.com/en
2024-10-16 21:13:08,030 - INFO - Skipping https://warrobots.net due to being N/A for some features.
2024-10-16 21:13:11,718 - ERROR - Exception : Your connection limit exceeded. Please slow down and try again later.

2024-10-16 21:13:13,193 - ERROR - Exception : Your connection limit exceeded. Please slow down and try again later.

2024-10-16 21:13:24,373 - ERROR - Exception : unsupported operand type(s) for -: 'datetime.datetime' and 'str'
2024-10-16 21:13:25,192 - ERROR - Exception : unsupported operand type(s) for -: 'datetime.datetime' and 'str'
2024-10-16 21:13:27,945 - ERROR - Exception : No match for "WORD-SEARCH-PUZZLES.APPSPOT.COM".
>>> Last update of whois database: 2024-10-16T21:13:07Z <<<

NOTICE: The expiration date displayed in this record is the date the
registrar's sponsorship of the domain name registration in the registry is
currently set to expire. This date does not necessarily reflect the expiration
date of the domain name registrant's agreement with the sponsoring
registrar.  Users may consult the sponsoring registrar's Whois database to
view the registrar's reported date of expiration for this registration.

TERMS OF USE: You are not authorized to access or query our Whois
database through the use of electronic processes that are high-volume and
automated except as reasonably necessary to register domain names or
modify existing registrations; the Data in VeriSign Global Registry
Services' ("VeriSign") Whois database is provided by VeriSign for
information purposes only, and to assist persons in obtaining information
about or related to a domain name registration record. VeriSign does not
guarantee its accuracy. By submitting a Whois query, you agree to abide
by the following terms of use: You agree that you may use this Data only
for lawful purposes and that under no circumstances will you use this Data
to: (1) allow, enable, or otherwise support the transmission of mass
unsolicited, commercial advertising or solicitations via e-mail, telephone,
or facsimile; or (2) enable high volume, automated, electronic processes
that apply to VeriSign (or its computer systems). The compilation,
repackaging, dissemination or other use of this Data is expressly
prohibited without the prior written consent of VeriSign. You agree not to
use electronic processes that are automated and high-volume to access or
query the Whois database except as reasonably necessary to register
domain names or modify existing registrations. VeriSign reserves the right
to restrict your access to the Whois database in its sole discretion to ensure
operational stability.  VeriSign may restrict or terminate your access to the
Whois database for failure to abide by these terms of use. VeriSign
reserves the right to modify these terms at any time.

The Registry database contains ONLY .COM, .NET, .EDU domains and
Registrars.

2024-10-16 21:13:33,681 - ERROR - Exception : No entries found for the selected source(s).

>>> Last update of WHOIS database: 2024.10.17T00:13:24Z <<<

2024-10-16 21:13:34,970 - ERROR - Exception : No entries found for the selected source(s).

>>> Last update of WHOIS database: 2024.10.17T00:13:26Z <<<

2024-10-16 21:13:47,225 - ERROR - Exception : No entries found for the selected source(s).

>>> Last update of WHOIS database: 2024.10.17T00:13:38Z <<<

2024-10-16 21:13:51,498 - ERROR - Exception : Your connection limit exceeded. Please slow down and try again later.

2024-10-16 21:14:02,803 - ERROR - Exception : No entries found for the selected source(s).

>>> Last update of WHOIS database: 2024.10.17T00:13:54Z <<<

2024-10-16 21:14:04,054 - ERROR - Exception : No entries found for the selected source(s).

>>> Last update of WHOIS database: 2024.10.17T00:13:55Z <<<

2024-10-16 21:14:09,779 - ERROR - Exception : No entries found for the selected source(s).

>>> Last update of WHOIS database: 2024.10.17T00:14:01Z <<<

2024-10-16 21:14:17,594 - ERROR - Exception : ('Connection aborted.', RemoteDisconnected('Remote end closed connection without response'))
2024-10-16 21:14:18,019 - ERROR - Exception : ('Connection aborted.', RemoteDisconnected('Remote end closed connection without response'))
2024-10-16 21:14:22,192 - ERROR - Exception : No entries found for the selected source(s).

>>> Last update of WHOIS database: 2024.10.17T00:14:13Z <<<

2024-10-16 21:14:48,071 - ERROR - Exception : No entries found for the selected source(s).

>>> Last update of WHOIS database: 2024.10.17T00:14:39Z <<<

2024-10-16 21:14:51,871 - ERROR - Exception : HTTPSConnectionPool(host='csgogamble.com', port=443): Read timed out. (read timeout=12)
2024-10-16 21:14:51,872 - INFO - Skipping https://csgogamble.com due to being N/A for some features.
2024-10-16 21:14:52,130 - ERROR - Exception : unsupported operand type(s) for -: 'datetime.datetime' and 'str'
2024-10-16 21:15:07,991 - ERROR - Exception : HTTPSConnectionPool(host='datingrepublicans.com', port=443): Read timed out. (read timeout=12)
2024-10-16 21:15:09,099 - ERROR - Exception : ('Connection aborted.', RemoteDisconnected('Remote end closed connection without response'))
2024-10-16 21:15:09,276 - ERROR - Exception : ('Connection aborted.', RemoteDisconnected('Remote end closed connection without response'))
2024-10-16 21:15:17,866 - ERROR - Exception : No entries found for the selected source(s).

>>> Last update of WHOIS database: 2024.10.17T00:15:09Z <<<

2024-10-16 21:15:21,174 - ERROR - Exception : ('Connection aborted.', RemoteDisconnected('Remote end closed connection without response'))
2024-10-16 21:15:26,780 - ERROR - Exception : No entries found for the selected source(s).

>>> Last update of WHOIS database: 2024.10.17T00:15:18Z <<<

2024-10-16 21:15:31,047 - ERROR - Exception : HTTPSConnectionPool(host='datingrepublicans.com', port=443): Read timed out. (read timeout=12)
2024-10-16 21:15:39,219 - ERROR - Exception : 429 Client Error: Too Many Requests for url: https://www.pinterest.com/
2024-10-16 21:15:39,229 - INFO - Skipping https://pintrest.com due to being N/A for some features.
2024-10-16 21:15:39,359 - ERROR - Exception : 429 Client Error: Too Many Requests for url: https://se.pinterest.com/
2024-10-16 21:15:39,376 - INFO - Skipping https://pinterest.se due to being N/A for some features.
2024-10-16 21:15:39,678 - ERROR - Exception : unsupported operand type(s) for -: 'datetime.datetime' and 'str'
2024-10-16 21:15:43,202 - ERROR - Exception : HTTPSConnectionPool(host='datingrepublicans.com', port=443): Read timed out. (read timeout=12)
2024-10-16 21:15:46,351 - ERROR - Exception : HTTPConnectionPool(host='127.0.0.1', port=80): Max retries exceeded with url: / (Caused by NewConnectionError('<urllib3.connection.HTTPConnection object at 0x000001798CA83D10>: Failed to establish a new connection: [WinError 10061] Hedef makine etkin olarak reddettiðinden baðlantý kurulamadý'))
2024-10-16 21:15:55,053 - ERROR - Exception : ('Connection aborted.', RemoteDisconnected('Remote end closed connection without response'))
2024-10-16 21:15:56,716 - ERROR - Exception : No entries found for the selected source(s).

>>> Last update of WHOIS database: 2024.10.17T00:15:48Z <<<

2024-10-16 21:15:59,385 - ERROR - Exception : No entries found for the selected source(s).

>>> Last update of WHOIS database: 2024.10.17T00:15:50Z <<<

2024-10-16 21:16:03,032 - ERROR - Exception : HTTPSConnectionPool(host='www.rencontreservice.org', port=443): Read timed out. (read timeout=12)
2024-10-16 21:16:03,163 - ERROR - Exception : Your connection limit exceeded. Please slow down and try again later.

2024-10-16 21:16:12,453 - ERROR - Exception : No entries found for the selected source(s).

>>> Last update of WHOIS database: 2024.10.17T00:16:03Z <<<

2024-10-16 21:16:16,536 - ERROR - Exception : No entries found for the selected source(s).

>>> Last update of WHOIS database: 2024.10.17T00:16:07Z <<<

2024-10-16 21:16:16,816 - ERROR - Exception : HTTPSConnectionPool(host='spaces.im', port=443): Read timed out. (read timeout=12)
2024-10-16 21:16:21,615 - ERROR - Exception : unsupported operand type(s) for -: 'datetime.datetime' and 'str'
2024-10-16 21:16:22,758 - ERROR - Exception : Your connection limit exceeded. Please slow down and try again later.

2024-10-16 21:16:23,608 - ERROR - Exception : No entries found for the selected source(s).

>>> Last update of WHOIS database: 2024.10.17T00:16:14Z <<<

2024-10-16 21:16:26,303 - ERROR - Exception : Your connection limit exceeded. Please slow down and try again later.

2024-10-16 21:16:28,435 - ERROR - Exception : No entries found for the selected source(s).

>>> Last update of WHOIS database: 2024.10.17T00:16:19Z <<<

2024-10-16 21:16:30,599 - ERROR - Exception : No entries found for the selected source(s).

>>> Last update of WHOIS database: 2024.10.17T00:16:21Z <<<

2024-10-16 21:16:31,277 - ERROR - Exception : No entries found for the selected source(s).

>>> Last update of WHOIS database: 2024.10.17T00:16:22Z <<<

